{"name": "generated", "dataset": "flights", "seed": 15003, "config": "data/flights/workflowtypes/1n.json", "interactions": [{"name": "viz_0", "binning": [{"dimension": "ORIGIN_STATE_ABR"}], "perBinAggregates": [{"type": "count"}]}, {"name": "viz_1", "binning": [{"dimension": "YEAR_DATE", "width": 1}], "perBinAggregates": [{"type": "count"}]}, {"name": "viz_1", "source": "viz_0"}, {"name": "viz_2", "binning": [{"dimension": "YEAR_DATE", "width": 1}], "perBinAggregates": [{"type": "count"}]}, {"name": "viz_2", "source": "viz_0"}, {"name": "viz_3", "binning": [{"dimension": "DISTANCE", "width": 390.0}, {"dimension": "ORIGIN_STATE_ABR"}], "perBinAggregates": [{"type": "count"}]}, {"name": "viz_3", "source": "viz_0"}, {"name": "viz_0", "selection": "((ORIGIN_STATE_ABR = 'PR') or (ORIGIN_STATE_ABR = 'PA') or (ORIGIN_STATE_ABR = 'OK') or (ORIGIN_STATE_ABR = 'NE') or (ORIGIN_STATE_ABR = 'MA') or (ORIGIN_STATE_ABR = 'NJ') or (ORIGIN_STATE_ABR = 'WA') or (ORIGIN_STATE_ABR = 'NC') or (ORIGIN_STATE_ABR = 'WV') or (ORIGIN_STATE_ABR = 'KY') or (ORIGIN_STATE_ABR = 'NH') or (ORIGIN_STATE_ABR = 'VI') or (ORIGIN_STATE_ABR = 'NM') or (ORIGIN_STATE_ABR = 'NY') or (ORIGIN_STATE_ABR = 'UT') or (ORIGIN_STATE_ABR = 'OR') or (ORIGIN_STATE_ABR = 'AR') or (ORIGIN_STATE_ABR = 'WI') or (ORIGIN_STATE_ABR = 'AL') or (ORIGIN_STATE_ABR = 'MO') or (ORIGIN_STATE_ABR = 'SD') or (ORIGIN_STATE_ABR = 'MD') or (ORIGIN_STATE_ABR = 'IL') or (ORIGIN_STATE_ABR = 'HI') or (ORIGIN_STATE_ABR = 'ME') or (ORIGIN_STATE_ABR = 'MT') or (ORIGIN_STATE_ABR = 'AZ') or (ORIGIN_STATE_ABR = 'TN') or (ORIGIN_STATE_ABR = 'CO') or (ORIGIN_STATE_ABR = 'WY'))"}, {"name": "viz_0", "selection": "((ORIGIN_STATE_ABR = 'SD') or (ORIGIN_STATE_ABR = 'OR') or (ORIGIN_STATE_ABR = 'MO') or (ORIGIN_STATE_ABR = 'GA') or (ORIGIN_STATE_ABR = 'AK') or (ORIGIN_STATE_ABR = 'MS') or (ORIGIN_STATE_ABR = 'RI') or (ORIGIN_STATE_ABR = 'IL') or (ORIGIN_STATE_ABR = 'MA') or (ORIGIN_STATE_ABR = 'IN') or (ORIGIN_STATE_ABR = 'VI') or (ORIGIN_STATE_ABR = 'NV') or (ORIGIN_STATE_ABR = 'PR') or (ORIGIN_STATE_ABR = 'NY') or (ORIGIN_STATE_ABR = 'CT') or (ORIGIN_STATE_ABR = 'AR') or (ORIGIN_STATE_ABR = 'MN') or (ORIGIN_STATE_ABR = 'IA') or (ORIGIN_STATE_ABR = 'CA') or (ORIGIN_STATE_ABR = 'WV') or (ORIGIN_STATE_ABR = 'PA') or (ORIGIN_STATE_ABR = 'WA') or (ORIGIN_STATE_ABR = 'TN') or (ORIGIN_STATE_ABR = 'MD') or (ORIGIN_STATE_ABR = 'UT') or (ORIGIN_STATE_ABR = 'TT'))"}, {"name": "viz_0", "selection": "((ORIGIN_STATE_ABR = 'WV') or (ORIGIN_STATE_ABR = 'NY') or (ORIGIN_STATE_ABR = 'WI') or (ORIGIN_STATE_ABR = 'LA') or (ORIGIN_STATE_ABR = 'NC') or (ORIGIN_STATE_ABR = 'CT') or (ORIGIN_STATE_ABR = 'ND') or (ORIGIN_STATE_ABR = 'PA') or (ORIGIN_STATE_ABR = 'VA') or (ORIGIN_STATE_ABR = 'NM') or (ORIGIN_STATE_ABR = 'AK') or (ORIGIN_STATE_ABR = 'MA') or (ORIGIN_STATE_ABR = 'OR') or (ORIGIN_STATE_ABR = 'MO') or (ORIGIN_STATE_ABR = 'RI') or (ORIGIN_STATE_ABR = 'MN') or (ORIGIN_STATE_ABR = 'AL') or (ORIGIN_STATE_ABR = 'TX') or (ORIGIN_STATE_ABR = 'OH') or (ORIGIN_STATE_ABR = 'AZ') or (ORIGIN_STATE_ABR = 'TT') or (ORIGIN_STATE_ABR = 'OK') or (ORIGIN_STATE_ABR = 'CO') or (ORIGIN_STATE_ABR = 'IA') or (ORIGIN_STATE_ABR = 'WA'))"}, {"name": "viz_4", "binning": [{"dimension": "DEST_STATE_ABR"}, {"dimension": "ORIGIN_STATE_ABR"}], "perBinAggregates": [{"type": "count"}]}, {"name": "viz_0", "selection": "((ORIGIN_STATE_ABR = 'RI') or (ORIGIN_STATE_ABR = 'NM') or (ORIGIN_STATE_ABR = 'MI') or (ORIGIN_STATE_ABR = 'NC') or (ORIGIN_STATE_ABR = 'SD') or (ORIGIN_STATE_ABR = 'MO') or (ORIGIN_STATE_ABR = 'CA') or (ORIGIN_STATE_ABR = 'NY') or (ORIGIN_STATE_ABR = 'TX') or (ORIGIN_STATE_ABR = 'HI') or (ORIGIN_STATE_ABR = 'SC') or (ORIGIN_STATE_ABR = 'MT') or (ORIGIN_STATE_ABR = 'WV') or (ORIGIN_STATE_ABR = 'NV') or (ORIGIN_STATE_ABR = 'AL') or (ORIGIN_STATE_ABR = 'NH') or (ORIGIN_STATE_ABR = 'ME') or (ORIGIN_STATE_ABR = 'MN') or (ORIGIN_STATE_ABR = 'FL') or (ORIGIN_STATE_ABR = 'VI') or (ORIGIN_STATE_ABR = 'PR') or (ORIGIN_STATE_ABR = 'OH') or (ORIGIN_STATE_ABR = 'OK') or (ORIGIN_STATE_ABR = 'ID') or (ORIGIN_STATE_ABR = 'GA') or (ORIGIN_STATE_ABR = 'AZ') or (ORIGIN_STATE_ABR = 'UT') or (ORIGIN_STATE_ABR = 'TT') or (ORIGIN_STATE_ABR = 'MS') or (ORIGIN_STATE_ABR = 'LA') or (ORIGIN_STATE_ABR = 'AR') or (ORIGIN_STATE_ABR = 'AK') or (ORIGIN_STATE_ABR = 'VA') or (ORIGIN_STATE_ABR = 'WI') or (ORIGIN_STATE_ABR = 'KS') or (ORIGIN_STATE_ABR = 'NE') or (ORIGIN_STATE_ABR = 'VT') or (ORIGIN_STATE_ABR = 'IA') or (ORIGIN_STATE_ABR = 'IL') or (ORIGIN_STATE_ABR = 'NJ') or (ORIGIN_STATE_ABR = 'WA') or (ORIGIN_STATE_ABR = 'TN') or (ORIGIN_STATE_ABR = 'ND') or (ORIGIN_STATE_ABR = 'MD') or (ORIGIN_STATE_ABR = 'KY') or (ORIGIN_STATE_ABR = 'CO') or (ORIGIN_STATE_ABR = 'WY') or (ORIGIN_STATE_ABR = 'OR'))"}, {"name": "viz_0", "selection": "((ORIGIN_STATE_ABR = 'OH') or (ORIGIN_STATE_ABR = 'NJ') or (ORIGIN_STATE_ABR = 'GA') or (ORIGIN_STATE_ABR = 'MA') or (ORIGIN_STATE_ABR = 'KS') or (ORIGIN_STATE_ABR = 'IA') or (ORIGIN_STATE_ABR = 'FL') or (ORIGIN_STATE_ABR = 'MT') or (ORIGIN_STATE_ABR = 'IN') or (ORIGIN_STATE_ABR = 'WA') or (ORIGIN_STATE_ABR = 'NM') or (ORIGIN_STATE_ABR = 'MD') or (ORIGIN_STATE_ABR = 'AL') or (ORIGIN_STATE_ABR = 'TX') or (ORIGIN_STATE_ABR = 'ME') or (ORIGIN_STATE_ABR = 'LA') or (ORIGIN_STATE_ABR = 'NV') or (ORIGIN_STATE_ABR = 'HI') or (ORIGIN_STATE_ABR = 'NC') or (ORIGIN_STATE_ABR = 'VT'))"}, {"name": "viz_5", "binning": [{"dimension": "DEST_STATE_ABR"}], "perBinAggregates": [{"type": "avg", "dimension": "DEP_DELAY"}]}, {"name": "viz_0", "selection": "((ORIGIN_STATE_ABR = 'WI') or (ORIGIN_STATE_ABR = 'AK') or (ORIGIN_STATE_ABR = 'OK') or (ORIGIN_STATE_ABR = 'TN') or (ORIGIN_STATE_ABR = 'NE') or (ORIGIN_STATE_ABR = 'WY') or (ORIGIN_STATE_ABR = 'SC') or (ORIGIN_STATE_ABR = 'TT') or (ORIGIN_STATE_ABR = 'WV') or (ORIGIN_STATE_ABR = 'MI') or (ORIGIN_STATE_ABR = 'IA') or (ORIGIN_STATE_ABR = 'ID') or (ORIGIN_STATE_ABR = 'GA') or (ORIGIN_STATE_ABR = 'NM') or (ORIGIN_STATE_ABR = 'SD') or (ORIGIN_STATE_ABR = 'MS') or (ORIGIN_STATE_ABR = 'VA') or (ORIGIN_STATE_ABR = 'LA') or (ORIGIN_STATE_ABR = 'CO') or (ORIGIN_STATE_ABR = 'VT') or (ORIGIN_STATE_ABR = 'ME') or (ORIGIN_STATE_ABR = 'WA') or (ORIGIN_STATE_ABR = 'NY') or (ORIGIN_STATE_ABR = 'FL') or (ORIGIN_STATE_ABR = 'VI') or (ORIGIN_STATE_ABR = 'NV') or (ORIGIN_STATE_ABR = 'MN') or (ORIGIN_STATE_ABR = 'CT') or (ORIGIN_STATE_ABR = 'MT') or (ORIGIN_STATE_ABR = 'NJ') or (ORIGIN_STATE_ABR = 'HI') or (ORIGIN_STATE_ABR = 'OR') or (ORIGIN_STATE_ABR = 'KY') or (ORIGIN_STATE_ABR = 'AR') or (ORIGIN_STATE_ABR = 'AL') or (ORIGIN_STATE_ABR = 'IN') or (ORIGIN_STATE_ABR = 'MA') or (ORIGIN_STATE_ABR = 'AZ') or (ORIGIN_STATE_ABR = 'OH') or (ORIGIN_STATE_ABR = 'MO') or (ORIGIN_STATE_ABR = 'UT') or (ORIGIN_STATE_ABR = 'MD') or (ORIGIN_STATE_ABR = 'PA') or (ORIGIN_STATE_ABR = 'RI') or (ORIGIN_STATE_ABR = 'IL') or (ORIGIN_STATE_ABR = 'TX') or (ORIGIN_STATE_ABR = 'PR'))"}, {"name": "viz_6", "binning": [{"dimension": "ORIGIN_STATE_ABR"}], "perBinAggregates": [{"type": "count"}]}, {"name": "viz_0", "selection": "((ORIGIN_STATE_ABR = 'FL'))"}, {"name": "viz_4", "source": "viz_0"}, {"name": "viz_0", "selection": "((ORIGIN_STATE_ABR = 'NY') or (ORIGIN_STATE_ABR = 'UT') or (ORIGIN_STATE_ABR = 'PA') or (ORIGIN_STATE_ABR = 'AL') or (ORIGIN_STATE_ABR = 'MI') or (ORIGIN_STATE_ABR = 'AR') or (ORIGIN_STATE_ABR = 'KS') or (ORIGIN_STATE_ABR = 'NV') or (ORIGIN_STATE_ABR = 'AK') or (ORIGIN_STATE_ABR = 'IL') or (ORIGIN_STATE_ABR = 'IN') or (ORIGIN_STATE_ABR = 'NJ') or (ORIGIN_STATE_ABR = 'HI') or (ORIGIN_STATE_ABR = 'SD') or (ORIGIN_STATE_ABR = 'NM') or (ORIGIN_STATE_ABR = 'ME'))"}, {"name": "viz_0", "selection": "((ORIGIN_STATE_ABR = 'TN') or (ORIGIN_STATE_ABR = 'MD') or (ORIGIN_STATE_ABR = 'LA') or (ORIGIN_STATE_ABR = 'PR') or (ORIGIN_STATE_ABR = 'MS') or (ORIGIN_STATE_ABR = 'OK') or (ORIGIN_STATE_ABR = 'VI') or (ORIGIN_STATE_ABR = 'ND') or (ORIGIN_STATE_ABR = 'OR') or (ORIGIN_STATE_ABR = 'ME') or (ORIGIN_STATE_ABR = 'FL') or (ORIGIN_STATE_ABR = 'WI') or (ORIGIN_STATE_ABR = 'NE') or (ORIGIN_STATE_ABR = 'VA') or (ORIGIN_STATE_ABR = 'CO') or (ORIGIN_STATE_ABR = 'MA') or (ORIGIN_STATE_ABR = 'IA'))"}]}