{"name": "generated", "dataset": "flights", "seed": 15000, "config": "data/flights/workflowtypes/independent.json", "interactions": [{"name": "viz_0", "binning": [{"dimension": "DISTANCE", "width": 479.0}, {"dimension": "DEST_STATE_ABR"}], "perBinAggregates": [{"type": "count"}]}, {"name": "viz_0", "filter": "((DISTANCE >= 4311.0 and DISTANCE < 4790.0)) and ((DEST_STATE_ABR = 'AR') or (DEST_STATE_ABR = 'VI') or (DEST_STATE_ABR = 'IL') or (DEST_STATE_ABR = 'NM') or (DEST_STATE_ABR = 'PR') or (DEST_STATE_ABR = 'AZ') or (DEST_STATE_ABR = 'SD') or (DEST_STATE_ABR = 'FL') or (DEST_STATE_ABR = 'WV') or (DEST_STATE_ABR = 'GA') or (DEST_STATE_ABR = 'MT') or (DEST_STATE_ABR = 'WI') or (DEST_STATE_ABR = 'NY') or (DEST_STATE_ABR = 'IA') or (DEST_STATE_ABR = 'NC') or (DEST_STATE_ABR = 'TX') or (DEST_STATE_ABR = 'MN') or (DEST_STATE_ABR = 'OH'))"}, {"name": "viz_1", "binning": [{"dimension": "ARR_DELAY", "width": 21.0}], "perBinAggregates": [{"type": "count"}]}, {"name": "viz_2", "binning": [{"dimension": "DEST_STATE_ABR"}, {"dimension": "DISTANCE", "width": 155.0}], "perBinAggregates": [{"type": "count"}]}, {"name": "viz_3", "binning": [{"dimension": "DEST"}, {"dimension": "DISTANCE", "width": 434.0}], "perBinAggregates": [{"type": "count"}]}, {"name": "viz_4", "binning": [{"dimension": "UNIQUE_CARRIER"}], "perBinAggregates": [{"type": "count"}]}, {"name": "viz_4", "filter": "((UNIQUE_CARRIER = 'WN') or (UNIQUE_CARRIER = 'TZ') or (UNIQUE_CARRIER = 'F9') or (UNIQUE_CARRIER = 'OO') or (UNIQUE_CARRIER = '9E') or (UNIQUE_CARRIER = 'MQ') or (UNIQUE_CARRIER = 'B6') or (UNIQUE_CARRIER = 'NW') or (UNIQUE_CARRIER = 'XE') or (UNIQUE_CARRIER = 'VX') or (UNIQUE_CARRIER = 'UA') or (UNIQUE_CARRIER = 'FL') or (UNIQUE_CARRIER = 'NK') or (UNIQUE_CARRIER = 'HA') or (UNIQUE_CARRIER = 'AA') or (UNIQUE_CARRIER = 'US'))"}, {"name": "viz_5", "binning": [{"dimension": "DEST_STATE_ABR"}, {"dimension": "TAXI_OUT", "width": 13.0}], "perBinAggregates": [{"type": "count"}]}, {"name": "viz_6", "binning": [{"dimension": "TAXI_IN", "width": 7.0}, {"dimension": "TAXI_OUT", "width": 18.0}], "perBinAggregates": [{"type": "avg", "dimension": "TAXI_OUT"}]}, {"name": "viz_5", "filter": "((ARR_DELAY >= 693.0 and ARR_DELAY < 714.0))"}, {"name": "viz_7", "binning": [{"dimension": "YEAR_DATE", "width": 1}], "perBinAggregates": [{"type": "count"}]}, {"name": "viz_3", "filter": "((TAXI_IN >= 14.0 and TAXI_IN < 21.0)) and ((TAXI_OUT >= 108.0 and TAXI_OUT < 126.0))"}, {"name": "viz_2", "filter": "((DEST = 'MIA')) and ((DISTANCE >= 868.0 and DISTANCE < 1302.0))"}, {"name": "viz_8", "binning": [{"dimension": "AIR_TIME", "width": 61.0}], "perBinAggregates": [{"type": "count"}]}, {"name": "viz_0", "filter": "((AIR_TIME >= 427.0 and AIR_TIME < 488.0) or (AIR_TIME >= 488.0 and AIR_TIME < 549.0) or (AIR_TIME >= 305.0 and AIR_TIME < 366.0) or (AIR_TIME >= 610.0 and AIR_TIME < 671.0) or (AIR_TIME >= 366.0 and AIR_TIME < 427.0) or (AIR_TIME >= 549.0 and AIR_TIME < 610.0) or (AIR_TIME >= 183.0 and AIR_TIME < 244.0))"}, {"name": "viz_2", "filter": "((DISTANCE >= 3832.0 and DISTANCE < 4311.0)) and ((DEST_STATE_ABR = 'PR') or (DEST_STATE_ABR = 'IN') or (DEST_STATE_ABR = 'MD') or (DEST_STATE_ABR = 'WI') or (DEST_STATE_ABR = 'CT') or (DEST_STATE_ABR = 'HI') or (DEST_STATE_ABR = 'NM') or (DEST_STATE_ABR = 'AZ') or (DEST_STATE_ABR = 'MI') or (DEST_STATE_ABR = 'OH') or (DEST_STATE_ABR = 'KY') or (DEST_STATE_ABR = 'WA') or (DEST_STATE_ABR = 'PA') or (DEST_STATE_ABR = 'IL') or (DEST_STATE_ABR = 'NY') or (DEST_STATE_ABR = 'NV') or (DEST_STATE_ABR = 'TX') or (DEST_STATE_ABR = 'OK') or (DEST_STATE_ABR = 'NC') or (DEST_STATE_ABR = 'MO') or (DEST_STATE_ABR = 'AK') or (DEST_STATE_ABR = 'MA') or (DEST_STATE_ABR = 'FL') or (DEST_STATE_ABR = 'CO') or (DEST_STATE_ABR = 'TN') or (DEST_STATE_ABR = 'MN') or (DEST_STATE_ABR = 'OR') or (DEST_STATE_ABR = 'LA') or (DEST_STATE_ABR = 'RI'))"}, {"name": "viz_7", "filter": "((YEAR_DATE = '2013') or (YEAR_DATE = '2015') or (YEAR_DATE = '2003') or (YEAR_DATE = '1999') or (YEAR_DATE = '1995') or (YEAR_DATE = '2007') or (YEAR_DATE = '1996') or (YEAR_DATE = '2010') or (YEAR_DATE = '2012') or (YEAR_DATE = '2014') or (YEAR_DATE = '2006') or (YEAR_DATE = '2016') or (YEAR_DATE = '2004') or (YEAR_DATE = '2000') or (YEAR_DATE = '1997') or (YEAR_DATE = '2011'))"}, {"name": "viz_2", "filter": "((DISTANCE >= 1437.0 and DISTANCE < 1916.0) or (DISTANCE >= 2874.0 and DISTANCE < 3353.0) or (DISTANCE >= 2395.0 and DISTANCE < 2874.0) or (DISTANCE >= 479.0 and DISTANCE < 958.0) or (DISTANCE >= 3832.0 and DISTANCE < 4311.0) or (DISTANCE >= 1916.0 and DISTANCE < 2395.0)) and ((DEST_STATE_ABR = 'AK') or (DEST_STATE_ABR = 'OR') or (DEST_STATE_ABR = 'PR') or (DEST_STATE_ABR = 'CT') or (DEST_STATE_ABR = 'WA'))"}, {"name": "viz_3", "filter": "((DEST = 'MIA')) and ((DISTANCE >= 868.0 and DISTANCE < 1302.0))"}, {"name": "viz_1", "filter": "((DEST_STATE_ABR = 'TX')) and ((TAXI_OUT >= 13.0 and TAXI_OUT < 26.0))"}]}