{"name": "generated", "dataset": "flights", "seed": 15003, "config": "data/flights/workflowtypes/independent.json", "interactions": [{"name": "viz_0", "binning": [{"dimension": "ORIGIN_STATE_ABR"}], "perBinAggregates": [{"type": "count"}]}, {"name": "viz_0", "filter": "((ORIGIN_STATE_ABR = 'PR') or (ORIGIN_STATE_ABR = 'PA') or (ORIGIN_STATE_ABR = 'OK') or (ORIGIN_STATE_ABR = 'NE') or (ORIGIN_STATE_ABR = 'MA') or (ORIGIN_STATE_ABR = 'NJ') or (ORIGIN_STATE_ABR = 'WA'))"}, {"name": "viz_0", "filter": "((ORIGIN_STATE_ABR = 'PA') or (ORIGIN_STATE_ABR = 'NJ') or (ORIGIN_STATE_ABR = 'NE') or (ORIGIN_STATE_ABR = 'MA') or (ORIGIN_STATE_ABR = 'PR') or (ORIGIN_STATE_ABR = 'WA') or (ORIGIN_STATE_ABR = 'OK'))"}, {"name": "viz_0", "filter": "((ORIGIN_STATE_ABR = 'MA'))"}, {"name": "viz_0", "filter": "((ORIGIN_STATE_ABR = 'MA'))"}, {"name": "viz_0", "filter": "((ORIGIN_STATE_ABR = 'MA'))"}, {"name": "viz_0", "filter": "((ORIGIN_STATE_ABR = 'MA'))"}, {"name": "viz_0", "filter": "((ORIGIN_STATE_ABR = 'MA'))"}, {"name": "viz_0", "filter": "((ORIGIN_STATE_ABR = 'MA'))"}, {"name": "viz_0", "filter": "((ORIGIN_STATE_ABR = 'MA'))"}, {"name": "viz_1", "binning": [{"dimension": "ORIGIN_STATE_ABR"}, {"dimension": "DEP_DELAY", "width": 53.0}], "perBinAggregates": [{"type": "count"}]}, {"name": "viz_1", "filter": "((ORIGIN_STATE_ABR = 'MA'))"}, {"name": "viz_2", "binning": [{"dimension": "AIR_TIME", "width": 38.0}], "perBinAggregates": [{"type": "avg", "dimension": "DEP_DELAY"}]}, {"name": "viz_3", "binning": [{"dimension": "AIR_TIME", "width": 34.0}], "perBinAggregates": [{"type": "count"}]}, {"name": "viz_3", "filter": "((AIR_TIME >= 476.0 and AIR_TIME < 510.0) or (AIR_TIME >= 578.0 and AIR_TIME < 612.0) or (AIR_TIME >= 510.0 and AIR_TIME < 544.0) or (AIR_TIME >= 408.0 and AIR_TIME < 442.0) or (AIR_TIME >= 272.0 and AIR_TIME < 306.0) or (AIR_TIME >= 544.0 and AIR_TIME < 578.0) or (AIR_TIME >= 306.0 and AIR_TIME < 340.0) or (AIR_TIME >= 612.0 and AIR_TIME < 646.0) or (AIR_TIME >= 374.0 and AIR_TIME < 408.0) or (AIR_TIME >= 34.0 and AIR_TIME < 68.0))"}, {"name": "viz_2", "filter": "((AIR_TIME >= 304.0 and AIR_TIME < 342.0) or (AIR_TIME >= 266.0 and AIR_TIME < 304.0) or (AIR_TIME >= 532.0 and AIR_TIME < 570.0))"}, {"name": "viz_1", "filter": "((ORIGIN_STATE_ABR = 'MA'))"}, {"name": "viz_1", "filter": "((ORIGIN_STATE_ABR = 'MA'))"}, {"name": "viz_0", "filter": "((ORIGIN_STATE_ABR = 'MA')) and ((DEP_DELAY >= -53.0 and DEP_DELAY < 0.0))"}, {"name": "viz_3", "filter": "((AIR_TIME >= 340.0 and AIR_TIME < 374.0))"}]}