{"name": "generated", "dataset": "flights", "seed": 15002, "config": "data/flights/workflowtypes/independent.json", "interactions": [{"name": "viz_0", "binning": [{"dimension": "TAXI_OUT", "width": 26.0}], "perBinAggregates": [{"type": "avg", "dimension": "AIR_TIME"}]}, {"name": "viz_0", "filter": "((TAXI_OUT >= 130.0 and TAXI_OUT < 156.0))"}, {"name": "viz_0", "filter": "((TAXI_OUT >= 130.0 and TAXI_OUT < 156.0))"}, {"name": "viz_1", "binning": [{"dimension": "DEP_DELAY", "width": 44.0}, {"dimension": "ORIGIN_STATE_ABR"}], "perBinAggregates": [{"type": "count"}]}, {"name": "viz_0", "filter": "((DEP_DELAY >= 352.0 and DEP_DELAY < 396.0) or (DEP_DELAY >= 572.0 and DEP_DELAY < 616.0) or (DEP_DELAY >= 440.0 and DEP_DELAY < 484.0) or (DEP_DELAY >= 220.0 and DEP_DELAY < 264.0) or (DEP_DELAY >= 176.0 and DEP_DELAY < 220.0)) and ((ORIGIN_STATE_ABR = 'RI') or (ORIGIN_STATE_ABR = 'VT') or (ORIGIN_STATE_ABR = 'SC') or (ORIGIN_STATE_ABR = 'NE') or (ORIGIN_STATE_ABR = 'KS') or (ORIGIN_STATE_ABR = 'MT') or (ORIGIN_STATE_ABR = 'ID') or (ORIGIN_STATE_ABR = 'MS') or (ORIGIN_STATE_ABR = 'OH') or (ORIGIN_STATE_ABR = 'OR') or (ORIGIN_STATE_ABR = 'IN') or (ORIGIN_STATE_ABR = 'ND') or (ORIGIN_STATE_ABR = 'TN') or (ORIGIN_STATE_ABR = 'MA') or (ORIGIN_STATE_ABR = 'WV') or (ORIGIN_STATE_ABR = 'FL') or (ORIGIN_STATE_ABR = 'NJ') or (ORIGIN_STATE_ABR = 'MI') or (ORIGIN_STATE_ABR = 'CT') or (ORIGIN_STATE_ABR = 'ME') or (ORIGIN_STATE_ABR = 'NH') or (ORIGIN_STATE_ABR = 'PR') or (ORIGIN_STATE_ABR = 'MD') or (ORIGIN_STATE_ABR = 'CA') or (ORIGIN_STATE_ABR = 'CO') or (ORIGIN_STATE_ABR = 'KY') or (ORIGIN_STATE_ABR = 'NV') or (ORIGIN_STATE_ABR = 'TX') or (ORIGIN_STATE_ABR = 'HI') or (ORIGIN_STATE_ABR = 'SD') or (ORIGIN_STATE_ABR = 'NY') or (ORIGIN_STATE_ABR = 'LA') or (ORIGIN_STATE_ABR = 'AZ') or (ORIGIN_STATE_ABR = 'MO'))"}, {"name": "viz_1", "filter": "((TAXI_OUT >= 26.0 and TAXI_OUT < 52.0) or (TAXI_OUT >= 0.0 and TAXI_OUT < 26.0) or (TAXI_OUT >= 78.0 and TAXI_OUT < 104.0))"}, {"name": "viz_1", "filter": "((TAXI_OUT >= 78.0 and TAXI_OUT < 104.0))"}, {"name": "viz_2", "binning": [{"dimension": "TAXI_OUT", "width": 19.0}], "perBinAggregates": [{"type": "count"}]}, {"name": "viz_2", "filter": "((TAXI_OUT >= 26.0 and TAXI_OUT < 52.0))"}, {"name": "viz_2", "filter": "((TAXI_OUT >= 78.0 and TAXI_OUT < 104.0) or (TAXI_OUT >= 26.0 and TAXI_OUT < 52.0))"}, {"name": "viz_0", "filter": "((DEP_DELAY >= 132.0 and DEP_DELAY < 176.0)) and ((ORIGIN_STATE_ABR = 'MA') or (ORIGIN_STATE_ABR = 'TX') or (ORIGIN_STATE_ABR = 'FL') or (ORIGIN_STATE_ABR = 'NY') or (ORIGIN_STATE_ABR = 'SC') or (ORIGIN_STATE_ABR = 'KY') or (ORIGIN_STATE_ABR = 'NJ') or (ORIGIN_STATE_ABR = 'PA') or (ORIGIN_STATE_ABR = 'MI'))"}, {"name": "viz_2", "filter": "((TAXI_OUT >= 52.0 and TAXI_OUT < 78.0))"}, {"name": "viz_3", "binning": [{"dimension": "ORIGIN_STATE_ABR"}, {"dimension": "TAXI_IN", "width": 5.0}], "perBinAggregates": [{"type": "count"}]}, {"name": "viz_2", "filter": "((TAXI_OUT >= 76.0 and TAXI_OUT < 95.0))"}, {"name": "viz_1", "filter": "((DEP_DELAY >= 44.0 and DEP_DELAY < 88.0) or (DEP_DELAY >= 132.0 and DEP_DELAY < 176.0) or (DEP_DELAY >= 0.0 and DEP_DELAY < 44.0)) and ((ORIGIN_STATE_ABR = 'NJ') or (ORIGIN_STATE_ABR = 'NY') or (ORIGIN_STATE_ABR = 'NC') or (ORIGIN_STATE_ABR = 'MI') or (ORIGIN_STATE_ABR = 'FL') or (ORIGIN_STATE_ABR = 'KY') or (ORIGIN_STATE_ABR = 'MA') or (ORIGIN_STATE_ABR = 'TX') or (ORIGIN_STATE_ABR = 'GA') or (ORIGIN_STATE_ABR = 'PA') or (ORIGIN_STATE_ABR = 'WA') or (ORIGIN_STATE_ABR = 'SC'))"}, {"name": "viz_2", "filter": "((TAXI_OUT >= 76.0 and TAXI_OUT < 95.0))"}, {"name": "viz_3", "filter": "((TAXI_OUT >= 52.0 and TAXI_OUT < 78.0))"}, {"name": "viz_0", "filter": "((ORIGIN_STATE_ABR = 'CO') or (ORIGIN_STATE_ABR = 'MA') or (ORIGIN_STATE_ABR = 'NJ') or (ORIGIN_STATE_ABR = 'MD') or (ORIGIN_STATE_ABR = 'NC') or (ORIGIN_STATE_ABR = 'NY') or (ORIGIN_STATE_ABR = 'TN') or (ORIGIN_STATE_ABR = 'MN') or (ORIGIN_STATE_ABR = 'TX') or (ORIGIN_STATE_ABR = 'NV') or (ORIGIN_STATE_ABR = 'MI') or (ORIGIN_STATE_ABR = 'GA') or (ORIGIN_STATE_ABR = 'PA') or (ORIGIN_STATE_ABR = 'KY') or (ORIGIN_STATE_ABR = 'CA') or (ORIGIN_STATE_ABR = 'NH') or (ORIGIN_STATE_ABR = 'AZ') or (ORIGIN_STATE_ABR = 'IN')) and ((TAXI_IN >= 15.0 and TAXI_IN < 20.0))"}, {"name": "viz_0", "filter": "((ORIGIN_STATE_ABR = 'TX') or (ORIGIN_STATE_ABR = 'UT') or (ORIGIN_STATE_ABR = 'NY') or (ORIGIN_STATE_ABR = 'IL') or (ORIGIN_STATE_ABR = 'NH') or (ORIGIN_STATE_ABR = 'MI') or (ORIGIN_STATE_ABR = 'TN') or (ORIGIN_STATE_ABR = 'NV') or (ORIGIN_STATE_ABR = 'AZ') or (ORIGIN_STATE_ABR = 'MD') or (ORIGIN_STATE_ABR = 'NJ') or (ORIGIN_STATE_ABR = 'PA') or (ORIGIN_STATE_ABR = 'OH') or (ORIGIN_STATE_ABR = 'MA') or (ORIGIN_STATE_ABR = 'IN') or (ORIGIN_STATE_ABR = 'CA')) and ((TAXI_IN >= 5.0 and TAXI_IN < 10.0) or (TAXI_IN >= 10.0 and TAXI_IN < 15.0) or (TAXI_IN >= 15.0 and TAXI_IN < 20.0) or (TAXI_IN >= 0.0 and TAXI_IN < 5.0) or (TAXI_IN >= 40.0 and TAXI_IN < 45.0) or (TAXI_IN >= 25.0 and TAXI_IN < 30.0))"}, {"name": "viz_3", "filter": "((TAXI_OUT >= 0.0 and TAXI_OUT < 26.0))"}]}