{"name": "generated", "dataset": "flights", "seed": 15004, "config": "data/flights/workflowtypes/independent.json", "interactions": [{"name": "viz_0", "binning": [{"dimension": "TAXI_IN", "width": 12.0}], "perBinAggregates": [{"type": "count"}]}, {"name": "viz_0", "filter": "((TAXI_IN >= 72.0 and TAXI_IN < 84.0) or (TAXI_IN >= 132.0 and TAXI_IN < 144.0) or (TAXI_IN >= 96.0 and TAXI_IN < 108.0) or (TAXI_IN >= 60.0 and TAXI_IN < 72.0))"}, {"name": "viz_1", "binning": [{"dimension": "ARR_DELAY", "width": 65.0}], "perBinAggregates": [{"type": "count"}]}, {"name": "viz_0", "filter": "((ARR_DELAY >= 195.0 and ARR_DELAY < 260.0) or (ARR_DELAY >= 520.0 and ARR_DELAY < 585.0) or (ARR_DELAY >= 650.0 and ARR_DELAY < 715.0))"}, {"name": "viz_1", "filter": "((TAXI_IN >= 24.0 and TAXI_IN < 36.0))"}, {"name": "viz_2", "binning": [{"dimension": "TAXI_IN", "width": 7.0}, {"dimension": "ARR_DELAY", "width": 45.0}], "perBinAggregates": [{"type": "count"}]}, {"name": "viz_1", "filter": "((TAXI_IN >= 12.0 and TAXI_IN < 24.0))"}, {"name": "viz_3", "binning": [{"dimension": "DISTANCE", "width": 305.0}], "perBinAggregates": [{"type": "count"}]}, {"name": "viz_3", "filter": "((TAXI_IN >= 70.0 and TAXI_IN < 77.0) or (TAXI_IN >= 14.0 and TAXI_IN < 21.0) or (TAXI_IN >= 84.0 and TAXI_IN < 91.0) or (TAXI_IN >= 105.0 and TAXI_IN < 112.0) or (TAXI_IN >= 98.0 and TAXI_IN < 105.0) or (TAXI_IN >= 56.0 and TAXI_IN < 63.0) or (TAXI_IN >= 42.0 and TAXI_IN < 49.0) or (TAXI_IN >= 7.0 and TAXI_IN < 14.0) or (TAXI_IN >= 63.0 and TAXI_IN < 70.0) or (TAXI_IN >= 147.0 and TAXI_IN < 154.0) or (TAXI_IN >= 28.0 and TAXI_IN < 35.0) or (TAXI_IN >= 119.0 and TAXI_IN < 126.0) or (TAXI_IN >= 49.0 and TAXI_IN < 56.0)) and ((ARR_DELAY >= 225.0 and ARR_DELAY < 270.0))"}, {"name": "viz_4", "binning": [{"dimension": "ARR_DELAY", "width": 38.0}, {"dimension": "YEAR_DATE", "width": 1}], "perBinAggregates": [{"type": "count"}]}, {"name": "viz_5", "binning": [{"dimension": "TAXI_OUT", "width": 23.0}, {"dimension": "TAXI_IN", "width": 9.0}], "perBinAggregates": [{"type": "count"}]}, {"name": "viz_3", "filter": "((ARR_DELAY >= -38.0 and ARR_DELAY < 0.0)) and ((YEAR_DATE = '1995'))"}, {"name": "viz_6", "binning": [{"dimension": "UNIQUE_CARRIER"}], "perBinAggregates": [{"type": "count"}]}, {"name": "viz_1", "filter": "((UNIQUE_CARRIER = 'NW') or (UNIQUE_CARRIER = 'NK') or (UNIQUE_CARRIER = 'AQ') or (UNIQUE_CARRIER = 'FL') or (UNIQUE_CARRIER = 'AA') or (UNIQUE_CARRIER = 'DH') or (UNIQUE_CARRIER = 'WN') or (UNIQUE_CARRIER = 'MQ') or (UNIQUE_CARRIER = 'DL'))"}, {"name": "viz_2", "filter": "((DISTANCE >= 915.0 and DISTANCE < 1220.0))"}, {"name": "viz_3", "filter": "((ARR_DELAY >= 0.0 and ARR_DELAY < 65.0) or (ARR_DELAY >= 650.0 and ARR_DELAY < 715.0) or (ARR_DELAY >= 195.0 and ARR_DELAY < 260.0))"}, {"name": "viz_0", "filter": "((TAXI_OUT >= 23.0 and TAXI_OUT < 46.0) or (TAXI_OUT >= 115.0 and TAXI_OUT < 138.0) or (TAXI_OUT >= 0.0 and TAXI_OUT < 23.0)) and ((TAXI_IN >= 99.0 and TAXI_IN < 108.0))"}, {"name": "viz_7", "binning": [{"dimension": "TAXI_IN", "width": 7.0}], "perBinAggregates": [{"type": "count"}]}, {"name": "viz_3", "filter": "((DISTANCE >= 2745.0 and DISTANCE < 3050.0))"}, {"name": "viz_8", "binning": [{"dimension": "AIR_TIME", "width": 20.0}, {"dimension": "DEST"}], "perBinAggregates": [{"type": "avg", "dimension": "ARR_DELAY"}]}]}