{"name": "generated", "dataset": "flights", "seed": 15001, "config": "data/flights/workflowtypes/independent.json", "interactions": [{"name": "viz_0", "binning": [{"dimension": "DISTANCE", "width": 225.0}, {"dimension": "AIR_TIME", "width": 42.0}], "perBinAggregates": [{"type": "count"}]}, {"name": "viz_1", "binning": [{"dimension": "DEST_STATE_ABR"}], "perBinAggregates": [{"type": "count"}]}, {"name": "viz_2", "binning": [{"dimension": "ORIGIN_STATE_ABR"}], "perBinAggregates": [{"type": "count"}]}, {"name": "viz_0", "filter": "((DEST_STATE_ABR = 'CT') or (DEST_STATE_ABR = 'UT') or (DEST_STATE_ABR = 'WV') or (DEST_STATE_ABR = 'NM') or (DEST_STATE_ABR = 'OK') or (DEST_STATE_ABR = 'ID') or (DEST_STATE_ABR = 'ND'))"}, {"name": "viz_3", "binning": [{"dimension": "TAXI_IN", "width": 12.0}, {"dimension": "UNIQUE_CARRIER"}], "perBinAggregates": [{"type": "avg", "dimension": "AIR_TIME"}]}, {"name": "viz_1", "filter": "((DISTANCE >= 2700.0 and DISTANCE < 2925.0) or (DISTANCE >= 2250.0 and DISTANCE < 2475.0) or (DISTANCE >= 2925.0 and DISTANCE < 3150.0) or (DISTANCE >= 1575.0 and DISTANCE < 1800.0) or (DISTANCE >= 225.0 and DISTANCE < 450.0) or (DISTANCE >= 675.0 and DISTANCE < 900.0)) and ((AIR_TIME >= 210.0 and AIR_TIME < 252.0))"}, {"name": "viz_2", "filter": "((ORIGIN_STATE_ABR = 'MS') or (ORIGIN_STATE_ABR = 'NV') or (ORIGIN_STATE_ABR = 'TT') or (ORIGIN_STATE_ABR = 'MI') or (ORIGIN_STATE_ABR = 'PR') or (ORIGIN_STATE_ABR = 'IL') or (ORIGIN_STATE_ABR = 'VT') or (ORIGIN_STATE_ABR = 'WY') or (ORIGIN_STATE_ABR = 'TN') or (ORIGIN_STATE_ABR = 'VI') or (ORIGIN_STATE_ABR = 'HI') or (ORIGIN_STATE_ABR = 'SD') or (ORIGIN_STATE_ABR = 'AZ') or (ORIGIN_STATE_ABR = 'UT') or (ORIGIN_STATE_ABR = 'MO') or (ORIGIN_STATE_ABR = 'PA') or (ORIGIN_STATE_ABR = 'ID') or (ORIGIN_STATE_ABR = 'MD') or (ORIGIN_STATE_ABR = 'IA') or (ORIGIN_STATE_ABR = 'FL') or (ORIGIN_STATE_ABR = 'NY') or (ORIGIN_STATE_ABR = 'TX'))"}, {"name": "viz_4", "binning": [{"dimension": "UNIQUE_CARRIER"}], "perBinAggregates": [{"type": "count"}]}, {"name": "viz_3", "filter": "((DEST_STATE_ABR = 'TN') or (DEST_STATE_ABR = 'FL') or (DEST_STATE_ABR = 'UT') or (DEST_STATE_ABR = 'AZ') or (DEST_STATE_ABR = 'IL') or (DEST_STATE_ABR = 'GA') or (DEST_STATE_ABR = 'NV') or (DEST_STATE_ABR = 'MO') or (DEST_STATE_ABR = 'NM') or (DEST_STATE_ABR = 'MA') or (DEST_STATE_ABR = 'NY') or (DEST_STATE_ABR = 'MI') or (DEST_STATE_ABR = 'CA') or (DEST_STATE_ABR = 'NJ') or (DEST_STATE_ABR = 'RI') or (DEST_STATE_ABR = 'PA') or (DEST_STATE_ABR = 'WA'))"}, {"name": "viz_5", "binning": [{"dimension": "DEP_DELAY", "width": 21.0}], "perBinAggregates": [{"type": "count"}]}, {"name": "viz_0", "filter": "((UNIQUE_CARRIER = 'NW') or (UNIQUE_CARRIER = 'TW') or (UNIQUE_CARRIER = 'AQ') or (UNIQUE_CARRIER = 'DL') or (UNIQUE_CARRIER = 'US') or (UNIQUE_CARRIER = 'FL') or (UNIQUE_CARRIER = 'DH') or (UNIQUE_CARRIER = 'EV') or (UNIQUE_CARRIER = 'TZ') or (UNIQUE_CARRIER = 'AA') or (UNIQUE_CARRIER = 'B6') or (UNIQUE_CARRIER = 'VX') or (UNIQUE_CARRIER = 'HP') or (UNIQUE_CARRIER = 'AS') or (UNIQUE_CARRIER = 'WN') or (UNIQUE_CARRIER = 'HA') or (UNIQUE_CARRIER = 'UA') or (UNIQUE_CARRIER = 'YV') or (UNIQUE_CARRIER = 'MQ'))"}, {"name": "viz_6", "binning": [{"dimension": "YEAR_DATE", "width": 1}, {"dimension": "ORIGIN_STATE_ABR"}], "perBinAggregates": [{"type": "avg", "dimension": "DISTANCE"}]}, {"name": "viz_2", "filter": "((ORIGIN_STATE_ABR = 'MD') or (ORIGIN_STATE_ABR = 'IA') or (ORIGIN_STATE_ABR = 'SD') or (ORIGIN_STATE_ABR = 'NY'))"}, {"name": "viz_7", "binning": [{"dimension": "DEP_DELAY", "width": 36.0}], "perBinAggregates": [{"type": "count"}]}, {"name": "viz_8", "binning": [{"dimension": "YEAR_DATE", "width": 1}], "perBinAggregates": [{"type": "avg", "dimension": "ARR_DELAY"}]}, {"name": "viz_6", "filter": "((DEP_DELAY >= 108.0 and DEP_DELAY < 144.0))"}, {"name": "viz_4", "filter": "((YEAR_DATE = '2016') or (YEAR_DATE = '2002') or (YEAR_DATE = '1997') or (YEAR_DATE = '2010'))"}, {"name": "viz_1", "filter": "((DEP_DELAY >= 105.0 and DEP_DELAY < 126.0) or (DEP_DELAY >= 567.0 and DEP_DELAY < 588.0) or (DEP_DELAY >= 210.0 and DEP_DELAY < 231.0) or (DEP_DELAY >= 630.0 and DEP_DELAY < 651.0) or (DEP_DELAY >= 441.0 and DEP_DELAY < 462.0) or (DEP_DELAY >= 63.0 and DEP_DELAY < 84.0) or (DEP_DELAY >= 462.0 and DEP_DELAY < 483.0) or (DEP_DELAY >= 378.0 and DEP_DELAY < 399.0) or (DEP_DELAY >= 525.0 and DEP_DELAY < 546.0) or (DEP_DELAY >= 21.0 and DEP_DELAY < 42.0) or (DEP_DELAY >= 189.0 and DEP_DELAY < 210.0) or (DEP_DELAY >= 252.0 and DEP_DELAY < 273.0) or (DEP_DELAY >= 672.0 and DEP_DELAY < 693.0) or (DEP_DELAY >= 483.0 and DEP_DELAY < 504.0))"}, {"name": "viz_1", "filter": "((DEP_DELAY >= 609.0 and DEP_DELAY < 630.0) or (DEP_DELAY >= 294.0 and DEP_DELAY < 315.0) or (DEP_DELAY >= 105.0 and DEP_DELAY < 126.0) or (DEP_DELAY >= 651.0 and DEP_DELAY < 672.0) or (DEP_DELAY >= 42.0 and DEP_DELAY < 63.0) or (DEP_DELAY >= 399.0 and DEP_DELAY < 420.0) or (DEP_DELAY >= 378.0 and DEP_DELAY < 399.0) or (DEP_DELAY >= 483.0 and DEP_DELAY < 504.0) or (DEP_DELAY >= 504.0 and DEP_DELAY < 525.0) or (DEP_DELAY >= 231.0 and DEP_DELAY < 252.0) or (DEP_DELAY >= 420.0 and DEP_DELAY < 441.0) or (DEP_DELAY >= 168.0 and DEP_DELAY < 189.0) or (DEP_DELAY >= 567.0 and DEP_DELAY < 588.0) or (DEP_DELAY >= 63.0 and DEP_DELAY < 84.0) or (DEP_DELAY >= 84.0 and DEP_DELAY < 105.0) or (DEP_DELAY >= 441.0 and DEP_DELAY < 462.0) or (DEP_DELAY >= 315.0 and DEP_DELAY < 336.0) or (DEP_DELAY >= 147.0 and DEP_DELAY < 168.0) or (DEP_DELAY >= 21.0 and DEP_DELAY < 42.0) or (DEP_DELAY >= 336.0 and DEP_DELAY < 357.0) or (DEP_DELAY >= 126.0 and DEP_DELAY < 147.0) or (DEP_DELAY >= 630.0 and DEP_DELAY < 651.0) or (DEP_DELAY >= 189.0 and DEP_DELAY < 210.0) or (DEP_DELAY >= 546.0 and DEP_DELAY < 567.0) or (DEP_DELAY >= 693.0 and DEP_DELAY < 714.0) or (DEP_DELAY >= 0.0 and DEP_DELAY < 21.0) or (DEP_DELAY >= 525.0 and DEP_DELAY < 546.0) or (DEP_DELAY >= 672.0 and DEP_DELAY < 693.0) or (DEP_DELAY >= 588.0 and DEP_DELAY < 609.0) or (DEP_DELAY >= -21.0 and DEP_DELAY < 0.0) or (DEP_DELAY >= 210.0 and DEP_DELAY < 231.0) or (DEP_DELAY >= 357.0 and DEP_DELAY < 378.0) or (DEP_DELAY >= 462.0 and DEP_DELAY < 483.0) or (DEP_DELAY >= 273.0 and DEP_DELAY < 294.0))"}, {"name": "viz_8", "filter": "((DISTANCE >= 2475.0 and DISTANCE < 2700.0)) and ((AIR_TIME >= 336.0 and AIR_TIME < 378.0) or (AIR_TIME >= 378.0 and AIR_TIME < 420.0) or (AIR_TIME >= 630.0 and AIR_TIME < 672.0) or (AIR_TIME >= 42.0 and AIR_TIME < 84.0) or (AIR_TIME >= 462.0 and AIR_TIME < 504.0) or (AIR_TIME >= 420.0 and AIR_TIME < 462.0) or (AIR_TIME >= 588.0 and AIR_TIME < 630.0) or (AIR_TIME >= 546.0 and AIR_TIME < 588.0))"}]}