{"name": "generated", "dataset": "flights", "seed": 15009, "config": "data/flights/workflowtypes/mixed.json", "interactions": [{"name": "viz_0", "binning": [{"dimension": "ORIGIN_STATE_ABR"}], "perBinAggregates": [{"type": "count"}]}, {"name": "viz_1", "binning": [{"dimension": "DISTANCE", "width": 225.0}, {"dimension": "AIR_TIME", "width": 30.0}], "perBinAggregates": [{"type": "count"}]}, {"name": "viz_2", "binning": [{"dimension": "DEST_STATE_ABR"}], "perBinAggregates": [{"type": "count"}]}, {"name": "viz_2", "source": "viz_0"}, {"name": "viz_0", "selection": "((ORIGIN_STATE_ABR = 'SD') or (ORIGIN_STATE_ABR = 'MA') or (ORIGIN_STATE_ABR = 'WI') or (ORIGIN_STATE_ABR = 'MN') or (ORIGIN_STATE_ABR = 'NJ') or (ORIGIN_STATE_ABR = 'LA') or (ORIGIN_STATE_ABR = 'VT') or (ORIGIN_STATE_ABR = 'KY') or (ORIGIN_STATE_ABR = 'AR') or (ORIGIN_STATE_ABR = 'GA') or (ORIGIN_STATE_ABR = 'AZ') or (ORIGIN_STATE_ABR = 'IN') or (ORIGIN_STATE_ABR = 'MT') or (ORIGIN_STATE_ABR = 'TT') or (ORIGIN_STATE_ABR = 'WV') or (ORIGIN_STATE_ABR = 'OK') or (ORIGIN_STATE_ABR = 'SC') or (ORIGIN_STATE_ABR = 'NY') or (ORIGIN_STATE_ABR = 'MS') or (ORIGIN_STATE_ABR = 'HI') or (ORIGIN_STATE_ABR = 'UT') or (ORIGIN_STATE_ABR = 'MO') or (ORIGIN_STATE_ABR = 'KS') or (ORIGIN_STATE_ABR = 'CT') or (ORIGIN_STATE_ABR = 'RI') or (ORIGIN_STATE_ABR = 'CO') or (ORIGIN_STATE_ABR = 'NC') or (ORIGIN_STATE_ABR = 'PR') or (ORIGIN_STATE_ABR = 'WA') or (ORIGIN_STATE_ABR = 'NM') or (ORIGIN_STATE_ABR = 'IA') or (ORIGIN_STATE_ABR = 'TN'))"}, {"name": "viz_1", "source": "viz_2"}, {"name": "viz_3", "binning": [{"dimension": "ORIGIN"}], "perBinAggregates": [{"type": "count"}]}, {"name": "viz_2", "selection": "((DEST_STATE_ABR = 'CA') or (DEST_STATE_ABR = 'MN') or (DEST_STATE_ABR = 'GA') or (DEST_STATE_ABR = 'UT') or (DEST_STATE_ABR = 'CT') or (DEST_STATE_ABR = 'PR') or (DEST_STATE_ABR = 'KS') or (DEST_STATE_ABR = 'VI'))"}, {"name": "viz_2", "selection": "((DEST_STATE_ABR = 'NE') or (DEST_STATE_ABR = 'IN') or (DEST_STATE_ABR = 'PA') or (DEST_STATE_ABR = 'HI') or (DEST_STATE_ABR = 'NC') or (DEST_STATE_ABR = 'SC') or (DEST_STATE_ABR = 'AL') or (DEST_STATE_ABR = 'KS') or (DEST_STATE_ABR = 'VT') or (DEST_STATE_ABR = 'KY') or (DEST_STATE_ABR = 'AZ') or (DEST_STATE_ABR = 'OR') or (DEST_STATE_ABR = 'NH') or (DEST_STATE_ABR = 'RI') or (DEST_STATE_ABR = 'NM') or (DEST_STATE_ABR = 'MA') or (DEST_STATE_ABR = 'NV') or (DEST_STATE_ABR = 'MI') or (DEST_STATE_ABR = 'VA') or (DEST_STATE_ABR = 'WI') or (DEST_STATE_ABR = 'SD') or (DEST_STATE_ABR = 'NJ') or (DEST_STATE_ABR = 'PR') or (DEST_STATE_ABR = 'GA') or (DEST_STATE_ABR = 'WY') or (DEST_STATE_ABR = 'LA') or (DEST_STATE_ABR = 'TX') or (DEST_STATE_ABR = 'OH'))"}, {"name": "viz_3", "source": "viz_2"}, {"name": "viz_4", "binning": [{"dimension": "ARR_DELAY", "width": 65.0}], "perBinAggregates": [{"type": "count"}]}, {"name": "viz_5", "binning": [{"dimension": "DISTANCE", "width": 421.0}], "perBinAggregates": [{"type": "count"}]}, {"name": "viz_2", "selection": "((DEST_STATE_ABR = 'IA') or (DEST_STATE_ABR = 'NH') or (DEST_STATE_ABR = 'LA') or (DEST_STATE_ABR = 'MS') or (DEST_STATE_ABR = 'SD') or (DEST_STATE_ABR = 'KY') or (DEST_STATE_ABR = 'SC') or (DEST_STATE_ABR = 'IN'))"}, {"name": "viz_5", "source": "viz_3"}, {"name": "viz_0", "selection": "((ORIGIN_STATE_ABR = 'WA') or (ORIGIN_STATE_ABR = 'VI') or (ORIGIN_STATE_ABR = 'MN') or (ORIGIN_STATE_ABR = 'VT') or (ORIGIN_STATE_ABR = 'PA') or (ORIGIN_STATE_ABR = 'NH') or (ORIGIN_STATE_ABR = 'ID') or (ORIGIN_STATE_ABR = 'IL') or (ORIGIN_STATE_ABR = 'OH'))"}, {"name": "viz_2", "selection": "((DEST_STATE_ABR = 'FL') or (DEST_STATE_ABR = 'TN') or (DEST_STATE_ABR = 'WV') or (DEST_STATE_ABR = 'IA') or (DEST_STATE_ABR = 'HI') or (DEST_STATE_ABR = 'NY') or (DEST_STATE_ABR = 'ID') or (DEST_STATE_ABR = 'OK') or (DEST_STATE_ABR = 'ME') or (DEST_STATE_ABR = 'MN') or (DEST_STATE_ABR = 'AZ') or (DEST_STATE_ABR = 'LA') or (DEST_STATE_ABR = 'CT') or (DEST_STATE_ABR = 'NH') or (DEST_STATE_ABR = 'OR') or (DEST_STATE_ABR = 'NJ') or (DEST_STATE_ABR = 'PR') or (DEST_STATE_ABR = 'VI') or (DEST_STATE_ABR = 'IL') or (DEST_STATE_ABR = 'IN') or (DEST_STATE_ABR = 'NC') or (DEST_STATE_ABR = 'UT') or (DEST_STATE_ABR = 'RI') or (DEST_STATE_ABR = 'AK') or (DEST_STATE_ABR = 'OH') or (DEST_STATE_ABR = 'SD') or (DEST_STATE_ABR = 'CO'))"}, {"name": "viz_2", "selection": "((DEST_STATE_ABR = 'HI') or (DEST_STATE_ABR = 'IA') or (DEST_STATE_ABR = 'NH') or (DEST_STATE_ABR = 'CO') or (DEST_STATE_ABR = 'IL') or (DEST_STATE_ABR = 'PR') or (DEST_STATE_ABR = 'LA'))"}, {"name": "viz_3", "selection": "((ORIGIN = 'CMI') or (ORIGIN = 'TOL') or (ORIGIN = 'MSP') or (ORIGIN = 'SPI') or (ORIGIN = 'PSC') or (ORIGIN = 'ORD') or (ORIGIN = 'RST') or (ORIGIN = 'GEG') or (ORIGIN = 'BOI') or (ORIGIN = 'PIA'))"}, {"name": "viz_0", "selection": "((ORIGIN_STATE_ABR = 'MA') or (ORIGIN_STATE_ABR = 'SC') or (ORIGIN_STATE_ABR = 'AR') or (ORIGIN_STATE_ABR = 'NH') or (ORIGIN_STATE_ABR = 'GA') or (ORIGIN_STATE_ABR = 'ND') or (ORIGIN_STATE_ABR = 'FL') or (ORIGIN_STATE_ABR = 'PR') or (ORIGIN_STATE_ABR = 'CT') or (ORIGIN_STATE_ABR = 'TT') or (ORIGIN_STATE_ABR = 'MI') or (ORIGIN_STATE_ABR = 'MT') or (ORIGIN_STATE_ABR = 'UT'))"}, {"name": "viz_4", "source": "viz_5"}]}