{"name": "generated", "dataset": "flights", "seed": 15008, "config": "data/flights/workflowtypes/mixed.json", "interactions": [{"name": "viz_0", "binning": [{"dimension": "TAXI_IN", "width": 11.0}], "perBinAggregates": [{"type": "avg", "dimension": "ARR_DELAY"}]}, {"name": "viz_1", "binning": [{"dimension": "TAXI_OUT", "width": 25.0}], "perBinAggregates": [{"type": "count"}]}, {"name": "viz_0", "source": "viz_1"}, {"name": "viz_1", "selection": "((TAXI_OUT >= 50.0 and TAXI_OUT < 75.0) or (TAXI_OUT >= 150.0 and TAXI_OUT < 175.0) or (TAXI_OUT >= 75.0 and TAXI_OUT < 100.0) or (TAXI_OUT >= 250.0 and TAXI_OUT < 275.0))"}, {"name": "viz_1", "selection": "((TAXI_OUT >= 250.0 and TAXI_OUT < 275.0) or (TAXI_OUT >= 175.0 and TAXI_OUT < 200.0) or (TAXI_OUT >= 100.0 and TAXI_OUT < 125.0) or (TAXI_OUT >= 75.0 and TAXI_OUT < 100.0) or (TAXI_OUT >= 150.0 and TAXI_OUT < 175.0) or (TAXI_OUT >= 200.0 and TAXI_OUT < 225.0) or (TAXI_OUT >= 0.0 and TAXI_OUT < 25.0))"}, {"name": "viz_1", "selection": "((TAXI_OUT >= 175.0 and TAXI_OUT < 200.0) or (TAXI_OUT >= 100.0 and TAXI_OUT < 125.0) or (TAXI_OUT >= 25.0 and TAXI_OUT < 50.0) or (TAXI_OUT >= 250.0 and TAXI_OUT < 275.0) or (TAXI_OUT >= 0.0 and TAXI_OUT < 25.0) or (TAXI_OUT >= 125.0 and TAXI_OUT < 150.0))"}, {"name": "viz_2", "binning": [{"dimension": "DEP_DELAY", "width": 44.0}], "perBinAggregates": [{"type": "count"}]}, {"name": "viz_1", "selection": "((TAXI_OUT >= 0.0 and TAXI_OUT < 25.0))"}, {"name": "viz_1", "selection": "((TAXI_OUT >= 25.0 and TAXI_OUT < 50.0))"}, {"name": "viz_1", "selection": "((TAXI_OUT >= 150.0 and TAXI_OUT < 175.0) or (TAXI_OUT >= 75.0 and TAXI_OUT < 100.0) or (TAXI_OUT >= 0.0 and TAXI_OUT < 25.0) or (TAXI_OUT >= 50.0 and TAXI_OUT < 75.0))"}, {"name": "viz_2", "source": "viz_0"}, {"name": "viz_1", "selection": "((TAXI_OUT >= 125.0 and TAXI_OUT < 150.0))"}, {"name": "viz_0", "selection": "((TAXI_IN >= 0.0 and TAXI_IN < 11.0))"}, {"name": "viz_3", "binning": [{"dimension": "AIR_TIME", "width": 20.0}], "perBinAggregates": [{"type": "avg", "dimension": "DEP_DELAY"}]}, {"name": "viz_4", "binning": [{"dimension": "TAXI_IN", "width": 11.0}, {"dimension": "DEP_DELAY", "width": 67.0}], "perBinAggregates": [{"type": "count"}]}, {"name": "viz_3", "source": "viz_0"}, {"name": "viz_2", "source": "viz_3 and viz_0"}, {"name": "viz_5", "binning": [{"dimension": "DEST_STATE_ABR"}, {"dimension": "TAXI_OUT", "width": 22.0}], "perBinAggregates": [{"type": "count"}]}, {"name": "viz_6", "binning": [{"dimension": "DEST_STATE_ABR"}, {"dimension": "YEAR_DATE", "width": 1}], "perBinAggregates": [{"type": "avg", "dimension": "ARR_DELAY"}]}, {"name": "viz_0", "selection": "((TAXI_IN >= 0.0 and TAXI_IN < 11.0))"}]}