{"name": "generated", "dataset": "flights", "seed": 15002, "config": "data/flights/workflowtypes/mixed.json", "interactions": [{"name": "viz_0", "binning": [{"dimension": "TAXI_OUT", "width": 26.0}], "perBinAggregates": [{"type": "avg", "dimension": "AIR_TIME"}]}, {"name": "viz_1", "binning": [{"dimension": "TAXI_OUT", "width": 9.0}], "perBinAggregates": [{"type": "count"}]}, {"name": "viz_2", "binning": [{"dimension": "DEST_STATE_ABR"}], "perBinAggregates": [{"type": "count"}]}, {"name": "viz_3", "binning": [{"dimension": "AIR_TIME", "width": 30.0}, {"dimension": "YEAR_DATE", "width": 1}], "perBinAggregates": [{"type": "avg", "dimension": "TAXI_IN"}]}, {"name": "viz_2", "source": "viz_1"}, {"name": "viz_1", "selection": "((TAXI_OUT >= 180.0 and TAXI_OUT < 189.0))"}, {"name": "viz_0", "source": "viz_2"}, {"name": "viz_1", "selection": "((TAXI_OUT >= 225.0 and TAXI_OUT < 234.0) or (TAXI_OUT >= 162.0 and TAXI_OUT < 171.0) or (TAXI_OUT >= 117.0 and TAXI_OUT < 126.0) or (TAXI_OUT >= 36.0 and TAXI_OUT < 45.0) or (TAXI_OUT >= 63.0 and TAXI_OUT < 72.0) or (TAXI_OUT >= 171.0 and TAXI_OUT < 180.0) or (TAXI_OUT >= 99.0 and TAXI_OUT < 108.0) or (TAXI_OUT >= 261.0 and TAXI_OUT < 270.0) or (TAXI_OUT >= 9.0 and TAXI_OUT < 18.0))"}, {"name": "viz_2", "selection": "((DEST_STATE_ABR = 'CO') or (DEST_STATE_ABR = 'GA') or (DEST_STATE_ABR = 'LA') or (DEST_STATE_ABR = 'HI') or (DEST_STATE_ABR = 'PR') or (DEST_STATE_ABR = 'NJ') or (DEST_STATE_ABR = 'KY'))"}, {"name": "viz_1", "selection": "((TAXI_OUT >= 54.0 and TAXI_OUT < 63.0))"}, {"name": "viz_2", "selection": "((DEST_STATE_ABR = 'NJ') or (DEST_STATE_ABR = 'IL') or (DEST_STATE_ABR = 'GA') or (DEST_STATE_ABR = 'PA'))"}, {"name": "viz_4", "binning": [{"dimension": "TAXI_OUT", "width": 8.0}], "perBinAggregates": [{"type": "avg", "dimension": "ARR_DELAY"}]}, {"name": "viz_4", "source": "viz_0"}, {"name": "viz_5", "binning": [{"dimension": "DEP_DELAY", "width": 49.0}], "perBinAggregates": [{"type": "count"}]}, {"name": "viz_2", "selection": "((DEST_STATE_ABR = 'OH') or (DEST_STATE_ABR = 'MA') or (DEST_STATE_ABR = 'NY') or (DEST_STATE_ABR = 'NJ') or (DEST_STATE_ABR = 'CA'))"}, {"name": "viz_2", "selection": "((DEST_STATE_ABR = 'VA') or (DEST_STATE_ABR = 'MA'))"}, {"name": "viz_2", "selection": "((DEST_STATE_ABR = 'TX') or (DEST_STATE_ABR = 'NY') or (DEST_STATE_ABR = 'MI') or (DEST_STATE_ABR = 'FL') or (DEST_STATE_ABR = 'MA') or (DEST_STATE_ABR = 'TN'))"}, {"name": "viz_5", "source": "viz_4"}, {"name": "viz_1", "selection": "((TAXI_OUT >= 108.0 and TAXI_OUT < 117.0))"}, {"name": "viz_6", "binning": [{"dimension": "DEP_DELAY", "width": 47.0}], "perBinAggregates": [{"type": "count"}]}]}