{"name": "generated", "dataset": "flights", "seed": 15005, "config": "data/flights/workflowtypes/mixed.json", "interactions": [{"name": "viz_0", "binning": [{"dimension": "UNIQUE_CARRIER"}], "perBinAggregates": [{"type": "count"}]}, {"name": "viz_1", "binning": [{"dimension": "TAXI_OUT", "width": 7.0}, {"dimension": "TAXI_IN", "width": 13.0}], "perBinAggregates": [{"type": "count"}]}, {"name": "viz_2", "binning": [{"dimension": "ARR_DELAY", "width": 70.0}], "perBinAggregates": [{"type": "count"}]}, {"name": "viz_1", "source": "viz_0"}, {"name": "viz_3", "binning": [{"dimension": "ORIGIN"}, {"dimension": "AIR_TIME", "width": 60.0}], "perBinAggregates": [{"type": "avg", "dimension": "TAXI_IN"}]}, {"name": "viz_0", "selection": "((UNIQUE_CARRIER = 'NK') or (UNIQUE_CARRIER = 'EV') or (UNIQUE_CARRIER = 'OO') or (UNIQUE_CARRIER = 'US') or (UNIQUE_CARRIER = 'MQ') or (UNIQUE_CARRIER = 'HA') or (UNIQUE_CARRIER = 'TW') or (UNIQUE_CARRIER = 'DL') or (UNIQUE_CARRIER = 'NW') or (UNIQUE_CARRIER = 'DH') or (UNIQUE_CARRIER = 'AS') or (UNIQUE_CARRIER = 'AA') or (UNIQUE_CARRIER = 'YV'))"}, {"name": "viz_0", "selection": "((UNIQUE_CARRIER = 'TW') or (UNIQUE_CARRIER = 'DH') or (UNIQUE_CARRIER = 'AA') or (UNIQUE_CARRIER = '9E'))"}, {"name": "viz_0", "selection": "((UNIQUE_CARRIER = 'VX') or (UNIQUE_CARRIER = 'WN') or (UNIQUE_CARRIER = 'OH (1)') or (UNIQUE_CARRIER = '9E') or (UNIQUE_CARRIER = 'OO') or (UNIQUE_CARRIER = 'NW') or (UNIQUE_CARRIER = 'DH') or (UNIQUE_CARRIER = 'US') or (UNIQUE_CARRIER = 'EV') or (UNIQUE_CARRIER = 'AS') or (UNIQUE_CARRIER = 'HP') or (UNIQUE_CARRIER = 'MQ'))"}, {"name": "viz_2", "source": "viz_0"}, {"name": "viz_0", "selection": "((UNIQUE_CARRIER = 'MQ'))"}, {"name": "viz_3", "source": "viz_2"}, {"name": "viz_0", "selection": "((UNIQUE_CARRIER = 'OO') or (UNIQUE_CARRIER = 'WN') or (UNIQUE_CARRIER = 'NK') or (UNIQUE_CARRIER = 'CO') or (UNIQUE_CARRIER = 'AQ') or (UNIQUE_CARRIER = 'F9') or (UNIQUE_CARRIER = 'TZ') or (UNIQUE_CARRIER = 'FL') or (UNIQUE_CARRIER = 'OH (1)') or (UNIQUE_CARRIER = 'EV') or (UNIQUE_CARRIER = 'XE') or (UNIQUE_CARRIER = '9E') or (UNIQUE_CARRIER = 'TW') or (UNIQUE_CARRIER = 'HP'))"}, {"name": "viz_2", "selection": "((ARR_DELAY >= -70.0 and ARR_DELAY < 0.0))"}, {"name": "viz_0", "selection": "((UNIQUE_CARRIER = 'WN') or (UNIQUE_CARRIER = '9E') or (UNIQUE_CARRIER = 'AA') or (UNIQUE_CARRIER = 'FL') or (UNIQUE_CARRIER = 'TZ') or (UNIQUE_CARRIER = 'OO') or (UNIQUE_CARRIER = 'UA') or (UNIQUE_CARRIER = 'B6') or (UNIQUE_CARRIER = 'CO') or (UNIQUE_CARRIER = 'VX') or (UNIQUE_CARRIER = 'XE') or (UNIQUE_CARRIER = 'F9') or (UNIQUE_CARRIER = 'DH') or (UNIQUE_CARRIER = 'TW') or (UNIQUE_CARRIER = 'NW') or (UNIQUE_CARRIER = 'HP'))"}, {"name": "viz_0", "selection": "((UNIQUE_CARRIER = 'DH') or (UNIQUE_CARRIER = 'TZ') or (UNIQUE_CARRIER = 'CO') or (UNIQUE_CARRIER = 'HP') or (UNIQUE_CARRIER = 'DL') or (UNIQUE_CARRIER = 'OO') or (UNIQUE_CARRIER = 'AQ') or (UNIQUE_CARRIER = 'EV') or (UNIQUE_CARRIER = 'AA') or (UNIQUE_CARRIER = 'FL') or (UNIQUE_CARRIER = 'TW') or (UNIQUE_CARRIER = 'MQ') or (UNIQUE_CARRIER = 'UA') or (UNIQUE_CARRIER = 'VX') or (UNIQUE_CARRIER = 'B6') or (UNIQUE_CARRIER = 'NW') or (UNIQUE_CARRIER = '9E') or (UNIQUE_CARRIER = 'F9') or (UNIQUE_CARRIER = 'YV'))"}, {"name": "viz_0", "selection": "((UNIQUE_CARRIER = 'TZ') or (UNIQUE_CARRIER = 'YV') or (UNIQUE_CARRIER = 'OH (1)') or (UNIQUE_CARRIER = 'EV'))"}, {"name": "viz_4", "binning": [{"dimension": "UNIQUE_CARRIER"}], "perBinAggregates": [{"type": "count"}]}, {"name": "viz_5", "binning": [{"dimension": "TAXI_IN", "width": 15.0}], "perBinAggregates": [{"type": "count"}]}, {"name": "viz_6", "binning": [{"dimension": "ORIGIN_STATE_ABR"}, {"dimension": "UNIQUE_CARRIER"}], "perBinAggregates": [{"type": "count"}]}, {"name": "viz_7", "binning": [{"dimension": "TAXI_OUT", "width": 20.0}, {"dimension": "ORIGIN_STATE_ABR"}], "perBinAggregates": [{"type": "count"}]}]}