{"name": "generated", "dataset": "flights", "seed": 15007, "config": "data/flights/workflowtypes/mixed.json", "interactions": [{"name": "viz_0", "binning": [{"dimension": "AIR_TIME", "width": 43.0}], "perBinAggregates": [{"type": "avg", "dimension": "TAXI_IN"}]}, {"name": "viz_1", "binning": [{"dimension": "ARR_DELAY", "width": 21.0}, {"dimension": "DEP_DELAY", "width": 26.0}], "perBinAggregates": [{"type": "count"}]}, {"name": "viz_0", "source": "viz_1"}, {"name": "viz_2", "binning": [{"dimension": "ARR_DELAY", "width": 74.0}], "perBinAggregates": [{"type": "avg", "dimension": "DEP_DELAY"}]}, {"name": "viz_2", "source": "viz_1"}, {"name": "viz_3", "binning": [{"dimension": "UNIQUE_CARRIER"}], "perBinAggregates": [{"type": "count"}]}, {"name": "viz_3", "source": "viz_2"}, {"name": "viz_0", "source": "viz_3 and viz_1"}, {"name": "viz_3", "selection": "((UNIQUE_CARRIER = 'UA') or (UNIQUE_CARRIER = 'FL') or (UNIQUE_CARRIER = '9E') or (UNIQUE_CARRIER = 'XE') or (UNIQUE_CARRIER = 'AS') or (UNIQUE_CARRIER = 'F9') or (UNIQUE_CARRIER = 'NK') or (UNIQUE_CARRIER = 'AA') or (UNIQUE_CARRIER = 'AQ') or (UNIQUE_CARRIER = 'HA') or (UNIQUE_CARRIER = 'TW') or (UNIQUE_CARRIER = 'YV') or (UNIQUE_CARRIER = 'DH') or (UNIQUE_CARRIER = 'OH (1)') or (UNIQUE_CARRIER = 'TZ') or (UNIQUE_CARRIER = 'OO'))"}, {"name": "viz_1", "selection": "((ARR_DELAY >= 588.0 and ARR_DELAY < 609.0) or (ARR_DELAY >= 567.0 and ARR_DELAY < 588.0) or (ARR_DELAY >= 315.0 and ARR_DELAY < 336.0) or (ARR_DELAY >= 441.0 and ARR_DELAY < 462.0) or (ARR_DELAY >= -84.0 and ARR_DELAY < -63.0) or (ARR_DELAY >= 336.0 and ARR_DELAY < 357.0) or (ARR_DELAY >= 273.0 and ARR_DELAY < 294.0) or (ARR_DELAY >= 525.0 and ARR_DELAY < 546.0) or (ARR_DELAY >= 651.0 and ARR_DELAY < 672.0) or (ARR_DELAY >= 399.0 and ARR_DELAY < 420.0) or (ARR_DELAY >= -42.0 and ARR_DELAY < -21.0) or (ARR_DELAY >= 0.0 and ARR_DELAY < 21.0)) and ((DEP_DELAY >= 572.0 and DEP_DELAY < 598.0))"}, {"name": "viz_1", "selection": "((ARR_DELAY >= 189.0 and ARR_DELAY < 210.0) or (ARR_DELAY >= 609.0 and ARR_DELAY < 630.0) or (ARR_DELAY >= 420.0 and ARR_DELAY < 441.0) or (ARR_DELAY >= 693.0 and ARR_DELAY < 714.0) or (ARR_DELAY >= 147.0 and ARR_DELAY < 168.0) or (ARR_DELAY >= 315.0 and ARR_DELAY < 336.0) or (ARR_DELAY >= 252.0 and ARR_DELAY < 273.0) or (ARR_DELAY >= 231.0 and ARR_DELAY < 252.0) or (ARR_DELAY >= 399.0 and ARR_DELAY < 420.0) or (ARR_DELAY >= 567.0 and ARR_DELAY < 588.0) or (ARR_DELAY >= 462.0 and ARR_DELAY < 483.0) or (ARR_DELAY >= 105.0 and ARR_DELAY < 126.0) or (ARR_DELAY >= -84.0 and ARR_DELAY < -63.0) or (ARR_DELAY >= 84.0 and ARR_DELAY < 105.0) or (ARR_DELAY >= 672.0 and ARR_DELAY < 693.0) or (ARR_DELAY >= 651.0 and ARR_DELAY < 672.0) or (ARR_DELAY >= 42.0 and ARR_DELAY < 63.0)) and ((DEP_DELAY >= 416.0 and DEP_DELAY < 442.0) or (DEP_DELAY >= 598.0 and DEP_DELAY < 624.0) or (DEP_DELAY >= 234.0 and DEP_DELAY < 260.0) or (DEP_DELAY >= 104.0 and DEP_DELAY < 130.0) or (DEP_DELAY >= 0.0 and DEP_DELAY < 26.0) or (DEP_DELAY >= 78.0 and DEP_DELAY < 104.0) or (DEP_DELAY >= 156.0 and DEP_DELAY < 182.0) or (DEP_DELAY >= 702.0 and DEP_DELAY < 728.0) or (DEP_DELAY >= 546.0 and DEP_DELAY < 572.0) or (DEP_DELAY >= 442.0 and DEP_DELAY < 468.0) or (DEP_DELAY >= 26.0 and DEP_DELAY < 52.0) or (DEP_DELAY >= 676.0 and DEP_DELAY < 702.0) or (DEP_DELAY >= 624.0 and DEP_DELAY < 650.0) or (DEP_DELAY >= 286.0 and DEP_DELAY < 312.0) or (DEP_DELAY >= -26.0 and DEP_DELAY < 0.0) or (DEP_DELAY >= -52.0 and DEP_DELAY < -26.0))"}, {"name": "viz_2", "selection": "((ARR_DELAY >= -74.0 and ARR_DELAY < 0.0))"}, {"name": "viz_1", "selection": "((ARR_DELAY >= 84.0 and ARR_DELAY < 105.0) or (ARR_DELAY >= 168.0 and ARR_DELAY < 189.0) or (ARR_DELAY >= 252.0 and ARR_DELAY < 273.0) or (ARR_DELAY >= 0.0 and ARR_DELAY < 21.0) or (ARR_DELAY >= 399.0 and ARR_DELAY < 420.0) or (ARR_DELAY >= -42.0 and ARR_DELAY < -21.0) or (ARR_DELAY >= 630.0 and ARR_DELAY < 651.0) or (ARR_DELAY >= 693.0 and ARR_DELAY < 714.0) or (ARR_DELAY >= 147.0 and ARR_DELAY < 168.0) or (ARR_DELAY >= 126.0 and ARR_DELAY < 147.0) or (ARR_DELAY >= 588.0 and ARR_DELAY < 609.0) or (ARR_DELAY >= -84.0 and ARR_DELAY < -63.0)) and ((DEP_DELAY >= 78.0 and DEP_DELAY < 104.0) or (DEP_DELAY >= 0.0 and DEP_DELAY < 26.0) or (DEP_DELAY >= 208.0 and DEP_DELAY < 234.0) or (DEP_DELAY >= -26.0 and DEP_DELAY < 0.0) or (DEP_DELAY >= 338.0 and DEP_DELAY < 364.0) or (DEP_DELAY >= 104.0 and DEP_DELAY < 130.0) or (DEP_DELAY >= 468.0 and DEP_DELAY < 494.0) or (DEP_DELAY >= 598.0 and DEP_DELAY < 624.0) or (DEP_DELAY >= 234.0 and DEP_DELAY < 260.0) or (DEP_DELAY >= 182.0 and DEP_DELAY < 208.0) or (DEP_DELAY >= 26.0 and DEP_DELAY < 52.0) or (DEP_DELAY >= 390.0 and DEP_DELAY < 416.0) or (DEP_DELAY >= 312.0 and DEP_DELAY < 338.0) or (DEP_DELAY >= 702.0 and DEP_DELAY < 728.0) or (DEP_DELAY >= 52.0 and DEP_DELAY < 78.0) or (DEP_DELAY >= 364.0 and DEP_DELAY < 390.0) or (DEP_DELAY >= 676.0 and DEP_DELAY < 702.0))"}, {"name": "viz_4", "binning": [{"dimension": "TAXI_OUT", "width": 17.0}], "perBinAggregates": [{"type": "avg", "dimension": "TAXI_OUT"}]}, {"name": "viz_1", "selection": "((ARR_DELAY >= -21.0 and ARR_DELAY < 0.0)) and ((DEP_DELAY >= 26.0 and DEP_DELAY < 52.0))"}, {"name": "viz_5", "binning": [{"dimension": "ORIGIN_STATE_ABR"}], "perBinAggregates": [{"type": "avg", "dimension": "DEP_DELAY"}]}, {"name": "viz_2", "selection": "((ARR_DELAY >= -74.0 and ARR_DELAY < 0.0))"}, {"name": "viz_5", "source": "viz_3"}, {"name": "viz_6", "binning": [{"dimension": "ORIGIN_STATE_ABR"}], "perBinAggregates": [{"type": "avg", "dimension": "TAXI_OUT"}]}, {"name": "viz_6", "source": "viz_5"}]}