{"name": "generated", "dataset": "flights", "seed": 15004, "config": "data/flights/workflowtypes/mixed.json", "interactions": [{"name": "viz_0", "binning": [{"dimension": "TAXI_IN", "width": 12.0}], "perBinAggregates": [{"type": "count"}]}, {"name": "viz_1", "binning": [{"dimension": "DEST"}], "perBinAggregates": [{"type": "count"}]}, {"name": "viz_2", "binning": [{"dimension": "TAXI_IN", "width": 7.0}, {"dimension": "ARR_DELAY", "width": 45.0}], "perBinAggregates": [{"type": "count"}]}, {"name": "viz_0", "source": "viz_2"}, {"name": "viz_2", "selection": "((TAXI_IN >= 84.0 and TAXI_IN < 91.0) or (TAXI_IN >= 133.0 and TAXI_IN < 140.0) or (TAXI_IN >= 112.0 and TAXI_IN < 119.0) or (TAXI_IN >= 0.0 and TAXI_IN < 7.0) or (TAXI_IN >= 21.0 and TAXI_IN < 28.0) or (TAXI_IN >= 126.0 and TAXI_IN < 133.0) or (TAXI_IN >= 63.0 and TAXI_IN < 70.0) or (TAXI_IN >= 49.0 and TAXI_IN < 56.0) or (TAXI_IN >= 105.0 and TAXI_IN < 112.0) or (TAXI_IN >= 35.0 and TAXI_IN < 42.0) or (TAXI_IN >= 119.0 and TAXI_IN < 126.0) or (TAXI_IN >= 42.0 and TAXI_IN < 49.0) or (TAXI_IN >= 56.0 and TAXI_IN < 63.0)) and ((ARR_DELAY >= 675.0 and ARR_DELAY < 720.0))"}, {"name": "viz_2", "selection": "((TAXI_IN >= 56.0 and TAXI_IN < 63.0)) and ((ARR_DELAY >= 225.0 and ARR_DELAY < 270.0))"}, {"name": "viz_2", "selection": "((TAXI_IN >= 98.0 and TAXI_IN < 105.0) or (TAXI_IN >= 7.0 and TAXI_IN < 14.0) or (TAXI_IN >= 133.0 and TAXI_IN < 140.0) or (TAXI_IN >= 14.0 and TAXI_IN < 21.0) or (TAXI_IN >= 56.0 and TAXI_IN < 63.0) or (TAXI_IN >= 147.0 and TAXI_IN < 154.0) or (TAXI_IN >= 42.0 and TAXI_IN < 49.0) or (TAXI_IN >= 63.0 and TAXI_IN < 70.0) or (TAXI_IN >= 105.0 and TAXI_IN < 112.0) or (TAXI_IN >= 0.0 and TAXI_IN < 7.0) or (TAXI_IN >= 112.0 and TAXI_IN < 119.0) or (TAXI_IN >= 84.0 and TAXI_IN < 91.0) or (TAXI_IN >= 140.0 and TAXI_IN < 147.0) or (TAXI_IN >= 35.0 and TAXI_IN < 42.0) or (TAXI_IN >= 91.0 and TAXI_IN < 98.0) or (TAXI_IN >= 77.0 and TAXI_IN < 84.0) or (TAXI_IN >= 28.0 and TAXI_IN < 35.0)) and ((ARR_DELAY >= 405.0 and ARR_DELAY < 450.0) or (ARR_DELAY >= 585.0 and ARR_DELAY < 630.0) or (ARR_DELAY >= -45.0 and ARR_DELAY < 0.0) or (ARR_DELAY >= 0.0 and ARR_DELAY < 45.0) or (ARR_DELAY >= 135.0 and ARR_DELAY < 180.0) or (ARR_DELAY >= 315.0 and ARR_DELAY < 360.0) or (ARR_DELAY >= 45.0 and ARR_DELAY < 90.0))"}, {"name": "viz_3", "binning": [{"dimension": "DEP_DELAY", "width": 54.0}, {"dimension": "DEST_STATE_ABR"}], "perBinAggregates": [{"type": "count"}]}, {"name": "viz_1", "source": "viz_2"}, {"name": "viz_2", "selection": "((TAXI_IN >= 98.0 and TAXI_IN < 105.0) or (TAXI_IN >= 126.0 and TAXI_IN < 133.0) or (TAXI_IN >= 84.0 and TAXI_IN < 91.0) or (TAXI_IN >= 112.0 and TAXI_IN < 119.0) or (TAXI_IN >= 119.0 and TAXI_IN < 126.0) or (TAXI_IN >= 56.0 and TAXI_IN < 63.0) or (TAXI_IN >= 21.0 and TAXI_IN < 28.0) or (TAXI_IN >= 70.0 and TAXI_IN < 77.0)) and ((ARR_DELAY >= 45.0 and ARR_DELAY < 90.0))"}, {"name": "viz_2", "selection": "((TAXI_IN >= 28.0 and TAXI_IN < 35.0)) and ((ARR_DELAY >= 180.0 and ARR_DELAY < 225.0) or (ARR_DELAY >= 225.0 and ARR_DELAY < 270.0) or (ARR_DELAY >= 675.0 and ARR_DELAY < 720.0) or (ARR_DELAY >= 360.0 and ARR_DELAY < 405.0) or (ARR_DELAY >= 405.0 and ARR_DELAY < 450.0) or (ARR_DELAY >= 495.0 and ARR_DELAY < 540.0) or (ARR_DELAY >= -45.0 and ARR_DELAY < 0.0))"}, {"name": "viz_2", "selection": "((TAXI_IN >= 56.0 and TAXI_IN < 63.0) or (TAXI_IN >= 14.0 and TAXI_IN < 21.0) or (TAXI_IN >= 98.0 and TAXI_IN < 105.0)) and ((ARR_DELAY >= 45.0 and ARR_DELAY < 90.0) or (ARR_DELAY >= 360.0 and ARR_DELAY < 405.0) or (ARR_DELAY >= 180.0 and ARR_DELAY < 225.0) or (ARR_DELAY >= 450.0 and ARR_DELAY < 495.0) or (ARR_DELAY >= -45.0 and ARR_DELAY < 0.0) or (ARR_DELAY >= 0.0 and ARR_DELAY < 45.0) or (ARR_DELAY >= 495.0 and ARR_DELAY < 540.0) or (ARR_DELAY >= 270.0 and ARR_DELAY < 315.0) or (ARR_DELAY >= 585.0 and ARR_DELAY < 630.0))"}, {"name": "viz_4", "binning": [{"dimension": "AIR_TIME", "width": 20.0}, {"dimension": "DEST"}], "perBinAggregates": [{"type": "avg", "dimension": "ARR_DELAY"}]}, {"name": "viz_3", "source": "viz_2"}, {"name": "viz_2", "selection": "((TAXI_IN >= 42.0 and TAXI_IN < 49.0)) and ((ARR_DELAY >= 180.0 and ARR_DELAY < 225.0) or (ARR_DELAY >= 225.0 and ARR_DELAY < 270.0) or (ARR_DELAY >= 90.0 and ARR_DELAY < 135.0) or (ARR_DELAY >= 0.0 and ARR_DELAY < 45.0) or (ARR_DELAY >= 585.0 and ARR_DELAY < 630.0) or (ARR_DELAY >= 495.0 and ARR_DELAY < 540.0) or (ARR_DELAY >= -90.0 and ARR_DELAY < -45.0) or (ARR_DELAY >= 540.0 and ARR_DELAY < 585.0) or (ARR_DELAY >= 135.0 and ARR_DELAY < 180.0) or (ARR_DELAY >= 270.0 and ARR_DELAY < 315.0) or (ARR_DELAY >= 315.0 and ARR_DELAY < 360.0) or (ARR_DELAY >= 360.0 and ARR_DELAY < 405.0) or (ARR_DELAY >= -45.0 and ARR_DELAY < 0.0) or (ARR_DELAY >= 675.0 and ARR_DELAY < 720.0) or (ARR_DELAY >= 450.0 and ARR_DELAY < 495.0) or (ARR_DELAY >= 405.0 and ARR_DELAY < 450.0))"}, {"name": "viz_5", "binning": [{"dimension": "ORIGIN_STATE_ABR"}, {"dimension": "TAXI_IN", "width": 4.0}], "perBinAggregates": [{"type": "count"}]}, {"name": "viz_6", "binning": [{"dimension": "TAXI_IN", "width": 7.0}], "perBinAggregates": [{"type": "count"}]}, {"name": "viz_4", "source": "viz_3"}, {"name": "viz_7", "binning": [{"dimension": "DISTANCE", "width": 342.0}], "perBinAggregates": [{"type": "avg", "dimension": "DISTANCE"}]}, {"name": "viz_2", "selection": "((TAXI_IN >= 63.0 and TAXI_IN < 70.0) or (TAXI_IN >= 119.0 and TAXI_IN < 126.0) or (TAXI_IN >= 105.0 and TAXI_IN < 112.0) or (TAXI_IN >= 14.0 and TAXI_IN < 21.0) or (TAXI_IN >= 35.0 and TAXI_IN < 42.0) or (TAXI_IN >= 112.0 and TAXI_IN < 119.0) or (TAXI_IN >= 21.0 and TAXI_IN < 28.0) or (TAXI_IN >= 140.0 and TAXI_IN < 147.0) or (TAXI_IN >= 70.0 and TAXI_IN < 77.0) or (TAXI_IN >= 7.0 and TAXI_IN < 14.0) or (TAXI_IN >= 42.0 and TAXI_IN < 49.0) or (TAXI_IN >= 49.0 and TAXI_IN < 56.0)) and ((ARR_DELAY >= 90.0 and ARR_DELAY < 135.0) or (ARR_DELAY >= 585.0 and ARR_DELAY < 630.0) or (ARR_DELAY >= 405.0 and ARR_DELAY < 450.0) or (ARR_DELAY >= 270.0 and ARR_DELAY < 315.0) or (ARR_DELAY >= 315.0 and ARR_DELAY < 360.0))"}]}