{"name": "generated", "dataset": "flights", "seed": 15001, "config": "data/flights/workflowtypes/mixed.json", "interactions": [{"name": "viz_0", "binning": [{"dimension": "TAXI_OUT", "width": 26.0}], "perBinAggregates": [{"type": "avg", "dimension": "AIR_TIME"}]}, {"name": "viz_1", "binning": [{"dimension": "TAXI_OUT", "width": 9.0}], "perBinAggregates": [{"type": "count"}]}, {"name": "viz_2", "binning": [{"dimension": "DEST_STATE_ABR"}], "perBinAggregates": [{"type": "count"}]}, {"name": "viz_3", "binning": [{"dimension": "AIR_TIME", "width": 30.0}, {"dimension": "YEAR_DATE", "width": 1}], "perBinAggregates": [{"type": "avg", "dimension": "TAXI_IN"}]}, {"name": "viz_2", "source": "viz_1"}, {"name": "viz_1", "selection": "((TAXI_OUT >= 261.0 and TAXI_OUT < 270.0) or (TAXI_OUT >= 117.0 and TAXI_OUT < 126.0) or (TAXI_OUT >= 90.0 and TAXI_OUT < 99.0) or (TAXI_OUT >= 54.0 and TAXI_OUT < 63.0) or (TAXI_OUT >= 72.0 and TAXI_OUT < 81.0) or (TAXI_OUT >= 189.0 and TAXI_OUT < 198.0) or (TAXI_OUT >= 243.0 and TAXI_OUT < 252.0) or (TAXI_OUT >= 81.0 and TAXI_OUT < 90.0) or (TAXI_OUT >= 144.0 and TAXI_OUT < 153.0) or (TAXI_OUT >= 18.0 and TAXI_OUT < 27.0) or (TAXI_OUT >= 9.0 and TAXI_OUT < 18.0) or (TAXI_OUT >= 216.0 and TAXI_OUT < 225.0) or (TAXI_OUT >= 36.0 and TAXI_OUT < 45.0) or (TAXI_OUT >= 198.0 and TAXI_OUT < 207.0) or (TAXI_OUT >= 45.0 and TAXI_OUT < 54.0) or (TAXI_OUT >= 252.0 and TAXI_OUT < 261.0) or (TAXI_OUT >= 135.0 and TAXI_OUT < 144.0) or (TAXI_OUT >= 162.0 and TAXI_OUT < 171.0))"}, {"name": "viz_1", "selection": "((TAXI_OUT >= 45.0 and TAXI_OUT < 54.0) or (TAXI_OUT >= 36.0 and TAXI_OUT < 45.0) or (TAXI_OUT >= 216.0 and TAXI_OUT < 225.0) or (TAXI_OUT >= 81.0 and TAXI_OUT < 90.0) or (TAXI_OUT >= 117.0 and TAXI_OUT < 126.0) or (TAXI_OUT >= 252.0 and TAXI_OUT < 261.0) or (TAXI_OUT >= 225.0 and TAXI_OUT < 234.0) or (TAXI_OUT >= 9.0 and TAXI_OUT < 18.0))"}, {"name": "viz_1", "selection": "((TAXI_OUT >= 198.0 and TAXI_OUT < 207.0) or (TAXI_OUT >= 135.0 and TAXI_OUT < 144.0) or (TAXI_OUT >= 243.0 and TAXI_OUT < 252.0) or (TAXI_OUT >= 81.0 and TAXI_OUT < 90.0) or (TAXI_OUT >= 36.0 and TAXI_OUT < 45.0))"}, {"name": "viz_0", "source": "viz_2"}, {"name": "viz_1", "selection": "((TAXI_OUT >= 153.0 and TAXI_OUT < 162.0))"}, {"name": "viz_3", "source": "viz_0"}, {"name": "viz_2", "selection": "((DEST_STATE_ABR = 'WA'))"}, {"name": "viz_4", "binning": [{"dimension": "DEP_DELAY", "width": 47.0}], "perBinAggregates": [{"type": "count"}]}, {"name": "viz_0", "selection": "((TAXI_OUT >= 130.0 and TAXI_OUT < 156.0))"}, {"name": "viz_2", "selection": "((DEST_STATE_ABR = 'NJ') or (DEST_STATE_ABR = 'IL') or (DEST_STATE_ABR = 'WA'))"}, {"name": "viz_4", "source": "viz_3"}, {"name": "viz_2", "selection": "((DEST_STATE_ABR = 'IL') or (DEST_STATE_ABR = 'NJ'))"}, {"name": "viz_5", "binning": [{"dimension": "TAXI_IN", "width": 10.0}, {"dimension": "DEST_STATE_ABR"}], "perBinAggregates": [{"type": "count"}]}, {"name": "viz_6", "binning": [{"dimension": "ORIGIN_STATE_ABR"}, {"dimension": "TAXI_OUT", "width": 21.0}], "perBinAggregates": [{"type": "count"}]}, {"name": "viz_5", "source": "viz_4"}]}