{"name": "generated", "dataset": "flights", "seed": 15000, "config": "data/flights/workflowtypes/n1.json", "interactions": [{"name": "viz_0", "binning": [{"dimension": "TAXI_IN", "width": 12.0}], "perBinAggregates": [{"type": "count"}]}, {"name": "viz_1", "binning": [{"dimension": "DEST"}], "perBinAggregates": [{"type": "count"}]}, {"name": "viz_2", "binning": [{"dimension": "TAXI_IN", "width": 7.0}, {"dimension": "ARR_DELAY", "width": 45.0}], "perBinAggregates": [{"type": "count"}]}, {"name": "viz_0", "source": "viz_2"}, {"name": "viz_2", "selection": "((TAXI_IN >= 14.0 and TAXI_IN < 21.0)) and ((ARR_DELAY >= 135.0 and ARR_DELAY < 180.0))"}, {"name": "viz_2", "selection": "((TAXI_IN >= 112.0 and TAXI_IN < 119.0) or (TAXI_IN >= 91.0 and TAXI_IN < 98.0) or (TAXI_IN >= 56.0 and TAXI_IN < 63.0) or (TAXI_IN >= 133.0 and TAXI_IN < 140.0) or (TAXI_IN >= 21.0 and TAXI_IN < 28.0) or (TAXI_IN >= 42.0 and TAXI_IN < 49.0) or (TAXI_IN >= 63.0 and TAXI_IN < 70.0) or (TAXI_IN >= 119.0 and TAXI_IN < 126.0) or (TAXI_IN >= 126.0 and TAXI_IN < 133.0) or (TAXI_IN >= 147.0 and TAXI_IN < 154.0) or (TAXI_IN >= 28.0 and TAXI_IN < 35.0)) and ((ARR_DELAY >= 180.0 and ARR_DELAY < 225.0))"}, {"name": "viz_2", "selection": "((TAXI_IN >= 56.0 and TAXI_IN < 63.0) or (TAXI_IN >= 140.0 and TAXI_IN < 147.0) or (TAXI_IN >= 126.0 and TAXI_IN < 133.0) or (TAXI_IN >= 0.0 and TAXI_IN < 7.0) or (TAXI_IN >= 70.0 and TAXI_IN < 77.0) or (TAXI_IN >= 98.0 and TAXI_IN < 105.0) or (TAXI_IN >= 77.0 and TAXI_IN < 84.0) or (TAXI_IN >= 49.0 and TAXI_IN < 56.0) or (TAXI_IN >= 112.0 and TAXI_IN < 119.0) or (TAXI_IN >= 133.0 and TAXI_IN < 140.0) or (TAXI_IN >= 105.0 and TAXI_IN < 112.0) or (TAXI_IN >= 35.0 and TAXI_IN < 42.0) or (TAXI_IN >= 7.0 and TAXI_IN < 14.0) or (TAXI_IN >= 42.0 and TAXI_IN < 49.0) or (TAXI_IN >= 28.0 and TAXI_IN < 35.0) or (TAXI_IN >= 91.0 and TAXI_IN < 98.0) or (TAXI_IN >= 21.0 and TAXI_IN < 28.0)) and ((ARR_DELAY >= 180.0 and ARR_DELAY < 225.0) or (ARR_DELAY >= 540.0 and ARR_DELAY < 585.0) or (ARR_DELAY >= -90.0 and ARR_DELAY < -45.0) or (ARR_DELAY >= 315.0 and ARR_DELAY < 360.0) or (ARR_DELAY >= 630.0 and ARR_DELAY < 675.0) or (ARR_DELAY >= 225.0 and ARR_DELAY < 270.0) or (ARR_DELAY >= 585.0 and ARR_DELAY < 630.0))"}, {"name": "viz_3", "binning": [{"dimension": "DEP_DELAY", "width": 54.0}, {"dimension": "DEST_STATE_ABR"}], "perBinAggregates": [{"type": "count"}]}, {"name": "viz_2", "selection": "((TAXI_IN >= 126.0 and TAXI_IN < 133.0) or (TAXI_IN >= 56.0 and TAXI_IN < 63.0) or (TAXI_IN >= 21.0 and TAXI_IN < 28.0) or (TAXI_IN >= 133.0 and TAXI_IN < 140.0) or (TAXI_IN >= 35.0 and TAXI_IN < 42.0) or (TAXI_IN >= 112.0 and TAXI_IN < 119.0) or (TAXI_IN >= 140.0 and TAXI_IN < 147.0) or (TAXI_IN >= 70.0 and TAXI_IN < 77.0)) and ((ARR_DELAY >= 450.0 and ARR_DELAY < 495.0))"}, {"name": "viz_2", "selection": "((TAXI_IN >= 119.0 and TAXI_IN < 126.0)) and ((ARR_DELAY >= 0.0 and ARR_DELAY < 45.0) or (ARR_DELAY >= -45.0 and ARR_DELAY < 0.0) or (ARR_DELAY >= 225.0 and ARR_DELAY < 270.0) or (ARR_DELAY >= 675.0 and ARR_DELAY < 720.0) or (ARR_DELAY >= -90.0 and ARR_DELAY < -45.0) or (ARR_DELAY >= 180.0 and ARR_DELAY < 225.0) or (ARR_DELAY >= 495.0 and ARR_DELAY < 540.0))"}, {"name": "viz_0", "source": "viz_2 and viz_1"}, {"name": "viz_2", "selection": "((TAXI_IN >= 140.0 and TAXI_IN < 147.0) or (TAXI_IN >= 63.0 and TAXI_IN < 70.0) or (TAXI_IN >= 21.0 and TAXI_IN < 28.0)) and ((ARR_DELAY >= 450.0 and ARR_DELAY < 495.0) or (ARR_DELAY >= 405.0 and ARR_DELAY < 450.0) or (ARR_DELAY >= 315.0 and ARR_DELAY < 360.0) or (ARR_DELAY >= 270.0 and ARR_DELAY < 315.0) or (ARR_DELAY >= 180.0 and ARR_DELAY < 225.0) or (ARR_DELAY >= 135.0 and ARR_DELAY < 180.0) or (ARR_DELAY >= 0.0 and ARR_DELAY < 45.0) or (ARR_DELAY >= 45.0 and ARR_DELAY < 90.0) or (ARR_DELAY >= 495.0 and ARR_DELAY < 540.0))"}, {"name": "viz_4", "binning": [{"dimension": "AIR_TIME", "width": 20.0}, {"dimension": "DEST"}], "perBinAggregates": [{"type": "avg", "dimension": "ARR_DELAY"}]}, {"name": "viz_5", "binning": [{"dimension": "AIR_TIME", "width": 38.0}], "perBinAggregates": [{"type": "count"}]}, {"name": "viz_2", "selection": "((TAXI_IN >= 119.0 and TAXI_IN < 126.0) or (TAXI_IN >= 91.0 and TAXI_IN < 98.0) or (TAXI_IN >= 14.0 and TAXI_IN < 21.0) or (TAXI_IN >= 28.0 and TAXI_IN < 35.0) or (TAXI_IN >= 35.0 and TAXI_IN < 42.0) or (TAXI_IN >= 147.0 and TAXI_IN < 154.0) or (TAXI_IN >= 42.0 and TAXI_IN < 49.0) or (TAXI_IN >= 105.0 and TAXI_IN < 112.0) or (TAXI_IN >= 77.0 and TAXI_IN < 84.0) or (TAXI_IN >= 63.0 and TAXI_IN < 70.0) or (TAXI_IN >= 21.0 and TAXI_IN < 28.0) or (TAXI_IN >= 49.0 and TAXI_IN < 56.0) or (TAXI_IN >= 84.0 and TAXI_IN < 91.0) or (TAXI_IN >= 140.0 and TAXI_IN < 147.0) or (TAXI_IN >= 133.0 and TAXI_IN < 140.0) or (TAXI_IN >= 0.0 and TAXI_IN < 7.0) or (TAXI_IN >= 56.0 and TAXI_IN < 63.0) or (TAXI_IN >= 126.0 and TAXI_IN < 133.0) or (TAXI_IN >= 112.0 and TAXI_IN < 119.0) or (TAXI_IN >= 70.0 and TAXI_IN < 77.0) or (TAXI_IN >= 7.0 and TAXI_IN < 14.0)) and ((ARR_DELAY >= 0.0 and ARR_DELAY < 45.0))"}, {"name": "viz_1", "selection": "((DEST = 'ROW') or (DEST = 'AGS') or (DEST = 'BUR') or (DEST = 'BWI') or (DEST = 'JAC') or (DEST = 'MHT') or (DEST = 'RDM') or (DEST = 'DHN') or (DEST = 'MSY') or (DEST = 'ISP') or (DEST = 'GUC') or (DEST = 'ICT') or (DEST = 'SAN') or (DEST = 'CID') or (DEST = 'SGU') or (DEST = 'AMA') or (DEST = 'SJC') or (DEST = 'ONT') or (DEST = 'FSM') or (DEST = 'GSO') or (DEST = 'ILM') or (DEST = 'AVP') or (DEST = 'MOB') or (DEST = 'SLC') or (DEST = 'DEN') or (DEST = 'XNA') or (DEST = 'MCO') or (DEST = 'MGM') or (DEST = 'TPA') or (DEST = 'PSP') or (DEST = 'CLL') or (DEST = 'MDW') or (DEST = 'ASE') or (DEST = 'TYS') or (DEST = 'ORF') or (DEST = 'BET') or (DEST = 'RNO') or (DEST = 'HIB') or (DEST = 'LCH') or (DEST = 'DFW') or (DEST = 'EVV') or (DEST = 'DRO') or (DEST = 'STX') or (DEST = 'LSE') or (DEST = 'RDU') or (DEST = 'HOU') or (DEST = 'COU') or (DEST = 'KTN') or (DEST = 'SBP') or (DEST = 'FAR') or (DEST = 'OTH') or (DEST = 'ABI') or (DEST = 'ABE') or (DEST = 'DCA') or (DEST = 'FAY') or (DEST = 'BQN') or (DEST = 'LEX') or (DEST = 'MOT') or (DEST = 'SIT') or (DEST = 'DAB') or (DEST = 'PVD') or (DEST = 'CHO') or (DEST = 'ADQ') or (DEST = 'SDF') or (DEST = 'CRW') or (DEST = 'GSP') or (DEST = 'BIL') or (DEST = 'CPR') or (DEST = 'SJT') or (DEST = 'BKG') or (DEST = 'OAK') or (DEST = 'ABQ') or (DEST = 'CLT') or (DEST = 'SBA') or (DEST = 'HNL') or (DEST = 'CMI') or (DEST = 'JNU') or (DEST = 'BTV') or (DEST = 'TWF') or (DEST = 'SMX') or (DEST = 'DSM') or (DEST = 'TRI') or (DEST = 'GTF') or (DEST = 'MFE') or (DEST = 'BDL') or (DEST = 'FCA') or (DEST = 'HRL') or (DEST = 'MEM') or (DEST = 'MSN') or (DEST = 'SHV') or (DEST = 'PDX') or (DEST = 'OTZ') or (DEST = 'STT') or (DEST = 'CLE') or (DEST = 'CRP') or (DEST = 'EUG') or (DEST = 'IDA') or (DEST = 'LGA') or (DEST = 'FNT') or (DEST = 'OXR') or (DEST = 'SMF') or (DEST = 'PHF') or (DEST = 'JAN') or (DEST = 'BTR') or (DEST = 'COD') or (DEST = 'EWR') or (DEST = 'GGG') or (DEST = 'ALO') or (DEST = 'BOS') or (DEST = 'AUS') or (DEST = 'GPT') or (DEST = 'LMT') or (DEST = 'ISN') or (DEST = 'IAH') or (DEST = 'BMI') or (DEST = 'ABR') or (DEST = 'FAT') or (DEST = 'DAL') or (DEST = 'PSC') or (DEST = 'ATL') or (DEST = 'CSG') or (DEST = 'MSO') or (DEST = 'BUF') or (DEST = 'GCC') or (DEST = 'PSG') or (DEST = 'RST') or (DEST = 'YAK') or (DEST = 'HYS') or (DEST = 'PWM') or (DEST = 'GFK') or (DEST = 'SRQ') or (DEST = 'ATW') or (DEST = 'PIA') or (DEST = 'SYR') or (DEST = 'JFK') or (DEST = 'IAD') or (DEST = 'SWF') or (DEST = 'LAN') or (DEST = 'LWS') or (DEST = 'AVL') or (DEST = 'BRD') or (DEST = 'EYW') or (DEST = 'PIT') or (DEST = 'BFL') or (DEST = 'MAF') or (DEST = 'BNA') or (DEST = 'LAX') or (DEST = 'ITO') or (DEST = 'LNK') or (DEST = 'BRO') or (DEST = 'PBI') or (DEST = 'BRW'))"}, {"name": "viz_0", "source": "viz_2 and viz_1 and viz_4"}, {"name": "viz_6", "binning": [{"dimension": "DISTANCE", "width": 449.0}, {"dimension": "UNIQUE_CARRIER"}], "perBinAggregates": [{"type": "count"}]}, {"name": "viz_7", "binning": [{"dimension": "DEST_STATE_ABR"}, {"dimension": "ORIGIN"}], "perBinAggregates": [{"type": "count"}]}, {"name": "viz_8", "binning": [{"dimension": "AIR_TIME", "width": 42.0}], "perBinAggregates": [{"type": "count"}]}]}