{"name": "generated", "dataset": "flights", "seed": 15002, "config": "data/flights/workflowtypes/n1.json", "interactions": [{"name": "viz_0", "binning": [{"dimension": "ORIGIN_STATE_ABR"}], "perBinAggregates": [{"type": "count"}]}, {"name": "viz_1", "binning": [{"dimension": "YEAR_DATE", "width": 1}], "perBinAggregates": [{"type": "count"}]}, {"name": "viz_1", "source": "viz_0"}, {"name": "viz_2", "binning": [{"dimension": "YEAR_DATE", "width": 1}], "perBinAggregates": [{"type": "count"}]}, {"name": "viz_3", "binning": [{"dimension": "ARR_DELAY", "width": 73.0}, {"dimension": "ORIGIN_STATE_ABR"}], "perBinAggregates": [{"type": "count"}]}, {"name": "viz_1", "source": "viz_0 and viz_2"}, {"name": "viz_0", "selection": "((ORIGIN_STATE_ABR = 'NM') or (ORIGIN_STATE_ABR = 'WI') or (ORIGIN_STATE_ABR = 'GA') or (ORIGIN_STATE_ABR = 'TX') or (ORIGIN_STATE_ABR = 'NV') or (ORIGIN_STATE_ABR = 'AL') or (ORIGIN_STATE_ABR = 'KS') or (ORIGIN_STATE_ABR = 'PR') or (ORIGIN_STATE_ABR = 'TN') or (ORIGIN_STATE_ABR = 'SD') or (ORIGIN_STATE_ABR = 'OK') or (ORIGIN_STATE_ABR = 'OR') or (ORIGIN_STATE_ABR = 'MI') or (ORIGIN_STATE_ABR = 'NH') or (ORIGIN_STATE_ABR = 'CA') or (ORIGIN_STATE_ABR = 'AR') or (ORIGIN_STATE_ABR = 'AZ') or (ORIGIN_STATE_ABR = 'IL') or (ORIGIN_STATE_ABR = 'MS') or (ORIGIN_STATE_ABR = 'CO') or (ORIGIN_STATE_ABR = 'MT') or (ORIGIN_STATE_ABR = 'OH') or (ORIGIN_STATE_ABR = 'LA') or (ORIGIN_STATE_ABR = 'ND') or (ORIGIN_STATE_ABR = 'FL') or (ORIGIN_STATE_ABR = 'WY') or (ORIGIN_STATE_ABR = 'UT') or (ORIGIN_STATE_ABR = 'WA') or (ORIGIN_STATE_ABR = 'VT') or (ORIGIN_STATE_ABR = 'HI'))"}, {"name": "viz_1", "source": "viz_0 and viz_3 and viz_2"}, {"name": "viz_2", "selection": "((YEAR_DATE = '2013') or (YEAR_DATE = '2014') or (YEAR_DATE = '2007') or (YEAR_DATE = '2005') or (YEAR_DATE = '2001') or (YEAR_DATE = '2003') or (YEAR_DATE = '1997') or (YEAR_DATE = '1996') or (YEAR_DATE = '2010') or (YEAR_DATE = '2015') or (YEAR_DATE = '2012') or (YEAR_DATE = '1999') or (YEAR_DATE = '2011'))"}, {"name": "viz_2", "selection": "((YEAR_DATE = '1995') or (YEAR_DATE = '2013') or (YEAR_DATE = '2006') or (YEAR_DATE = '2009') or (YEAR_DATE = '2001') or (YEAR_DATE = '2014') or (YEAR_DATE = '2011') or (YEAR_DATE = '2005') or (YEAR_DATE = '2000') or (YEAR_DATE = '2016') or (YEAR_DATE = '1998') or (YEAR_DATE = '2003') or (YEAR_DATE = '2007'))"}, {"name": "viz_4", "binning": [{"dimension": "DEST_STATE_ABR"}, {"dimension": "ORIGIN_STATE_ABR"}], "perBinAggregates": [{"type": "count"}]}, {"name": "viz_2", "selection": "((YEAR_DATE = '2003') or (YEAR_DATE = '2013') or (YEAR_DATE = '1999') or (YEAR_DATE = '2004') or (YEAR_DATE = '2011') or (YEAR_DATE = '1998') or (YEAR_DATE = '2006'))"}, {"name": "viz_3", "selection": "((ARR_DELAY >= 438.0 and ARR_DELAY < 511.0) or (ARR_DELAY >= -73.0 and ARR_DELAY < 0.0) or (ARR_DELAY >= 365.0 and ARR_DELAY < 438.0) or (ARR_DELAY >= 511.0 and ARR_DELAY < 584.0)) and ((ORIGIN_STATE_ABR = 'VA') or (ORIGIN_STATE_ABR = 'LA') or (ORIGIN_STATE_ABR = 'HI') or (ORIGIN_STATE_ABR = 'SD') or (ORIGIN_STATE_ABR = 'NJ') or (ORIGIN_STATE_ABR = 'AK') or (ORIGIN_STATE_ABR = 'ND'))"}, {"name": "viz_0", "selection": "((ORIGIN_STATE_ABR = 'KY') or (ORIGIN_STATE_ABR = 'IA') or (ORIGIN_STATE_ABR = 'RI'))"}, {"name": "viz_3", "selection": "((ARR_DELAY >= 219.0 and ARR_DELAY < 292.0)) and ((ORIGIN_STATE_ABR = 'AR') or (ORIGIN_STATE_ABR = 'AZ') or (ORIGIN_STATE_ABR = 'ME') or (ORIGIN_STATE_ABR = 'AK') or (ORIGIN_STATE_ABR = 'HI') or (ORIGIN_STATE_ABR = 'AL') or (ORIGIN_STATE_ABR = 'NM') or (ORIGIN_STATE_ABR = 'OK') or (ORIGIN_STATE_ABR = 'PR') or (ORIGIN_STATE_ABR = 'WA') or (ORIGIN_STATE_ABR = 'ND') or (ORIGIN_STATE_ABR = 'PA') or (ORIGIN_STATE_ABR = 'NY') or (ORIGIN_STATE_ABR = 'CO') or (ORIGIN_STATE_ABR = 'MS') or (ORIGIN_STATE_ABR = 'MN') or (ORIGIN_STATE_ABR = 'CT') or (ORIGIN_STATE_ABR = 'KS') or (ORIGIN_STATE_ABR = 'SC') or (ORIGIN_STATE_ABR = 'IL') or (ORIGIN_STATE_ABR = 'MA') or (ORIGIN_STATE_ABR = 'TT') or (ORIGIN_STATE_ABR = 'NH') or (ORIGIN_STATE_ABR = 'OR') or (ORIGIN_STATE_ABR = 'OH') or (ORIGIN_STATE_ABR = 'LA') or (ORIGIN_STATE_ABR = 'MO') or (ORIGIN_STATE_ABR = 'ID') or (ORIGIN_STATE_ABR = 'NE') or (ORIGIN_STATE_ABR = 'WI') or (ORIGIN_STATE_ABR = 'GA') or (ORIGIN_STATE_ABR = 'KY') or (ORIGIN_STATE_ABR = 'NV') or (ORIGIN_STATE_ABR = 'VA') or (ORIGIN_STATE_ABR = 'TN') or (ORIGIN_STATE_ABR = 'VI') or (ORIGIN_STATE_ABR = 'UT') or (ORIGIN_STATE_ABR = 'VT') or (ORIGIN_STATE_ABR = 'IN') or (ORIGIN_STATE_ABR = 'WY') or (ORIGIN_STATE_ABR = 'CA') or (ORIGIN_STATE_ABR = 'WV') or (ORIGIN_STATE_ABR = 'IA') or (ORIGIN_STATE_ABR = 'MD') or (ORIGIN_STATE_ABR = 'MI') or (ORIGIN_STATE_ABR = 'SD') or (ORIGIN_STATE_ABR = 'FL'))"}, {"name": "viz_5", "binning": [{"dimension": "ORIGIN_STATE_ABR"}], "perBinAggregates": [{"type": "count"}]}, {"name": "viz_0", "selection": "((ORIGIN_STATE_ABR = 'SC'))"}, {"name": "viz_1", "source": "viz_0 and viz_5 and viz_3 and viz_2"}, {"name": "viz_3", "selection": "((ARR_DELAY >= 657.0 and ARR_DELAY < 730.0) or (ARR_DELAY >= 584.0 and ARR_DELAY < 657.0) or (ARR_DELAY >= 146.0 and ARR_DELAY < 219.0) or (ARR_DELAY >= 73.0 and ARR_DELAY < 146.0) or (ARR_DELAY >= -73.0 and ARR_DELAY < 0.0) or (ARR_DELAY >= 365.0 and ARR_DELAY < 438.0) or (ARR_DELAY >= 511.0 and ARR_DELAY < 584.0) or (ARR_DELAY >= 219.0 and ARR_DELAY < 292.0) or (ARR_DELAY >= 292.0 and ARR_DELAY < 365.0) or (ARR_DELAY >= 438.0 and ARR_DELAY < 511.0)) and ((ORIGIN_STATE_ABR = 'HI') or (ORIGIN_STATE_ABR = 'MN') or (ORIGIN_STATE_ABR = 'MI') or (ORIGIN_STATE_ABR = 'IL') or (ORIGIN_STATE_ABR = 'TN') or (ORIGIN_STATE_ABR = 'AL'))"}, {"name": "viz_2", "selection": "((YEAR_DATE = '1995'))"}]}