{"name": "generated", "dataset": "flights", "seed": 15003, "config": "data/flights/workflowtypes/n1.json", "interactions": [{"name": "viz_0", "binning": [{"dimension": "TAXI_IN", "width": 12.0}], "perBinAggregates": [{"type": "count"}]}, {"name": "viz_1", "binning": [{"dimension": "DEST"}], "perBinAggregates": [{"type": "count"}]}, {"name": "viz_2", "binning": [{"dimension": "TAXI_IN", "width": 7.0}, {"dimension": "ARR_DELAY", "width": 45.0}], "perBinAggregates": [{"type": "count"}]}, {"name": "viz_0", "source": "viz_2"}, {"name": "viz_2", "selection": "((TAXI_IN >= 14.0 and TAXI_IN < 21.0) or (TAXI_IN >= 91.0 and TAXI_IN < 98.0) or (TAXI_IN >= 119.0 and TAXI_IN < 126.0) or (TAXI_IN >= 56.0 and TAXI_IN < 63.0) or (TAXI_IN >= 49.0 and TAXI_IN < 56.0) or (TAXI_IN >= 70.0 and TAXI_IN < 77.0) or (TAXI_IN >= 98.0 and TAXI_IN < 105.0) or (TAXI_IN >= 0.0 and TAXI_IN < 7.0) or (TAXI_IN >= 21.0 and TAXI_IN < 28.0) or (TAXI_IN >= 7.0 and TAXI_IN < 14.0) or (TAXI_IN >= 140.0 and TAXI_IN < 147.0) or (TAXI_IN >= 77.0 and TAXI_IN < 84.0) or (TAXI_IN >= 42.0 and TAXI_IN < 49.0)) and ((ARR_DELAY >= -90.0 and ARR_DELAY < -45.0))"}, {"name": "viz_2", "selection": "((TAXI_IN >= 35.0 and TAXI_IN < 42.0) or (TAXI_IN >= 126.0 and TAXI_IN < 133.0) or (TAXI_IN >= 84.0 and TAXI_IN < 91.0) or (TAXI_IN >= 14.0 and TAXI_IN < 21.0)) and ((ARR_DELAY >= 270.0 and ARR_DELAY < 315.0))"}, {"name": "viz_0", "source": "viz_2 and viz_1"}, {"name": "viz_2", "selection": "((TAXI_IN >= 63.0 and TAXI_IN < 70.0) or (TAXI_IN >= 21.0 and TAXI_IN < 28.0) or (TAXI_IN >= 91.0 and TAXI_IN < 98.0) or (TAXI_IN >= 77.0 and TAXI_IN < 84.0) or (TAXI_IN >= 35.0 and TAXI_IN < 42.0) or (TAXI_IN >= 70.0 and TAXI_IN < 77.0) or (TAXI_IN >= 105.0 and TAXI_IN < 112.0) or (TAXI_IN >= 49.0 and TAXI_IN < 56.0) or (TAXI_IN >= 42.0 and TAXI_IN < 49.0) or (TAXI_IN >= 126.0 and TAXI_IN < 133.0) or (TAXI_IN >= 140.0 and TAXI_IN < 147.0) or (TAXI_IN >= 147.0 and TAXI_IN < 154.0) or (TAXI_IN >= 98.0 and TAXI_IN < 105.0) or (TAXI_IN >= 28.0 and TAXI_IN < 35.0) or (TAXI_IN >= 14.0 and TAXI_IN < 21.0)) and ((ARR_DELAY >= 630.0 and ARR_DELAY < 675.0))"}, {"name": "viz_2", "selection": "((TAXI_IN >= 56.0 and TAXI_IN < 63.0) or (TAXI_IN >= 7.0 and TAXI_IN < 14.0) or (TAXI_IN >= 147.0 and TAXI_IN < 154.0) or (TAXI_IN >= 0.0 and TAXI_IN < 7.0) or (TAXI_IN >= 77.0 and TAXI_IN < 84.0) or (TAXI_IN >= 133.0 and TAXI_IN < 140.0) or (TAXI_IN >= 28.0 and TAXI_IN < 35.0) or (TAXI_IN >= 105.0 and TAXI_IN < 112.0) or (TAXI_IN >= 112.0 and TAXI_IN < 119.0) or (TAXI_IN >= 119.0 and TAXI_IN < 126.0) or (TAXI_IN >= 14.0 and TAXI_IN < 21.0) or (TAXI_IN >= 84.0 and TAXI_IN < 91.0) or (TAXI_IN >= 140.0 and TAXI_IN < 147.0) or (TAXI_IN >= 35.0 and TAXI_IN < 42.0) or (TAXI_IN >= 91.0 and TAXI_IN < 98.0) or (TAXI_IN >= 42.0 and TAXI_IN < 49.0) or (TAXI_IN >= 70.0 and TAXI_IN < 77.0) or (TAXI_IN >= 63.0 and TAXI_IN < 70.0) or (TAXI_IN >= 98.0 and TAXI_IN < 105.0)) and ((ARR_DELAY >= 360.0 and ARR_DELAY < 405.0))"}, {"name": "viz_1", "selection": "((DEST = 'AGS') or (DEST = 'MSO') or (DEST = 'LNK') or (DEST = 'MLB') or (DEST = 'DTW') or (DEST = 'IND') or (DEST = 'SBA') or (DEST = 'MHK') or (DEST = 'EUG') or (DEST = 'EWR') or (DEST = 'CLE') or (DEST = 'CSG') or (DEST = 'BIL') or (DEST = 'RDU') or (DEST = 'MOT') or (DEST = 'CHS') or (DEST = 'PSG') or (DEST = 'LGA') or (DEST = 'EYW'))"}, {"name": "viz_1", "selection": "((DEST = 'MSO') or (DEST = 'MSP') or (DEST = 'JAC') or (DEST = 'ATW') or (DEST = 'STT') or (DEST = 'CMX') or (DEST = 'HYA') or (DEST = 'GGG') or (DEST = 'ORD') or (DEST = 'TRI') or (DEST = 'CID') or (DEST = 'PWM') or (DEST = 'MHT') or (DEST = 'FSD') or (DEST = 'BOI') or (DEST = 'JNU') or (DEST = 'GSO') or (DEST = 'SGF') or (DEST = 'RDD') or (DEST = 'BTM') or (DEST = 'MSY') or (DEST = 'ORF') or (DEST = 'CLL') or (DEST = 'CHA') or (DEST = 'CHS') or (DEST = 'TUS') or (DEST = 'VLD') or (DEST = 'ILM') or (DEST = 'PBG') or (DEST = 'SYR') or (DEST = 'YAK') or (DEST = 'BRW') or (DEST = 'RNO') or (DEST = 'OMA') or (DEST = 'FAY') or (DEST = 'MLU') or (DEST = 'GJT') or (DEST = 'PSP') or (DEST = 'LGB') or (DEST = 'MLI') or (DEST = 'PHF') or (DEST = 'BPT') or (DEST = 'FNT') or (DEST = 'PNS') or (DEST = 'MDT') or (DEST = 'GRK') or (DEST = 'BRO') or (DEST = 'SAV') or (DEST = 'OTZ') or (DEST = 'ERI') or (DEST = 'XNA') or (DEST = 'PDX') or (DEST = 'CAK') or (DEST = 'SGU') or (DEST = 'SAT') or (DEST = 'BZN') or (DEST = 'FAI') or (DEST = 'KOA') or (DEST = 'KTN') or (DEST = 'SWF') or (DEST = 'CHO') or (DEST = 'BLI') or (DEST = 'PSG') or (DEST = 'EVV') or (DEST = 'MOT') or (DEST = 'GSP') or (DEST = 'MOB') or (DEST = 'MEM') or (DEST = 'DHN') or (DEST = 'BDL') or (DEST = 'JFK') or (DEST = 'ROA') or (DEST = 'RSW') or (DEST = 'GRB') or (DEST = 'SBN') or (DEST = 'AUS') or (DEST = 'RKS') or (DEST = 'BOS') or (DEST = 'DEN') or (DEST = 'ADQ') or (DEST = 'MTJ') or (DEST = 'DTW') or (DEST = 'COS') or (DEST = 'DCA') or (DEST = 'SAN') or (DEST = 'ROC') or (DEST = 'TUL') or (DEST = 'PHL') or (DEST = 'ANC') or (DEST = 'AZO') or (DEST = 'BHM') or (DEST = 'ROW') or (DEST = 'AMA') or (DEST = 'HYS') or (DEST = 'SLC') or (DEST = 'BUR') or (DEST = 'SJC') or (DEST = 'CLT') or (DEST = 'TPA') or (DEST = 'HSV') or (DEST = 'BFL') or (DEST = 'IND') or (DEST = 'LWS') or (DEST = 'CMI') or (DEST = 'BIS') or (DEST = 'AVP') or (DEST = 'BTV') or (DEST = 'ISP') or (DEST = 'DRO') or (DEST = 'HRL') or (DEST = 'RIC') or (DEST = 'IAH') or (DEST = 'ALO') or (DEST = 'MDW') or (DEST = 'MCO') or (DEST = 'OKC') or (DEST = 'SBP') or (DEST = 'LIT') or (DEST = 'BKG') or (DEST = 'TLH') or (DEST = 'LAS') or (DEST = 'PBI') or (DEST = 'ABR') or (DEST = 'ALB') or (DEST = 'LIH') or (DEST = 'BTR') or (DEST = 'GUC') or (DEST = 'ABE') or (DEST = 'CLE') or (DEST = 'CPR') or (DEST = 'MSN') or (DEST = 'PSC') or (DEST = 'LCH') or (DEST = 'OAK') or (DEST = 'PIT') or (DEST = 'SDF') or (DEST = 'TYR') or (DEST = 'LRD') or (DEST = 'LGA') or (DEST = 'FCA') or (DEST = 'ABY') or (DEST = 'CRP') or (DEST = 'GCC') or (DEST = 'STL') or (DEST = 'ORH') or (DEST = 'ONT') or (DEST = 'FWA'))"}, {"name": "viz_1", "selection": "((DEST = 'BGM') or (DEST = 'PFN') or (DEST = 'CLE') or (DEST = 'ABY') or (DEST = 'BRD') or (DEST = 'CMI') or (DEST = 'AVP') or (DEST = 'MOB') or (DEST = 'LAS') or (DEST = 'BNA') or (DEST = 'MBS') or (DEST = 'LEX') or (DEST = 'MCI') or (DEST = 'MLB') or (DEST = 'PSE') or (DEST = 'BWI') or (DEST = 'BMI') or (DEST = 'SBP') or (DEST = 'PHX') or (DEST = 'PWM') or (DEST = 'AEX') or (DEST = 'LIH') or (DEST = 'RKS') or (DEST = 'SAT') or (DEST = 'ORH') or (DEST = 'AMA') or (DEST = 'BOI') or (DEST = 'MHK') or (DEST = 'RDU') or (DEST = 'MDT') or (DEST = 'MIA') or (DEST = 'DAL') or (DEST = 'ABI') or (DEST = 'OTH') or (DEST = 'BZN') or (DEST = 'DAB') or (DEST = 'MAF') or (DEST = 'LAX') or (DEST = 'IND') or (DEST = 'SJU') or (DEST = 'PDX') or (DEST = 'ASE') or (DEST = 'BKG') or (DEST = 'IAD') or (DEST = 'MSN') or (DEST = 'DCA') or (DEST = 'IAH') or (DEST = 'OAJ') or (DEST = 'IDA') or (DEST = 'CVG') or (DEST = 'ORD') or (DEST = 'SJT') or (DEST = 'OGG') or (DEST = 'ONT') or (DEST = 'PIT') or (DEST = 'COU') or (DEST = 'ICT') or (DEST = 'FAR') or (DEST = 'ATW') or (DEST = 'HIB') or (DEST = 'LBB') or (DEST = 'PBI') or (DEST = 'OAK') or (DEST = 'BQN') or (DEST = 'GRB') or (DEST = 'SEA') or (DEST = 'DSM') or (DEST = 'ITO') or (DEST = 'GJT') or (DEST = 'ALO') or (DEST = 'LCH') or (DEST = 'STL') or (DEST = 'HNL') or (DEST = 'LWS') or (DEST = 'GPT') or (DEST = 'LMT') or (DEST = 'ADQ'))"}, {"name": "viz_2", "selection": "((TAXI_IN >= 70.0 and TAXI_IN < 77.0) or (TAXI_IN >= 126.0 and TAXI_IN < 133.0) or (TAXI_IN >= 42.0 and TAXI_IN < 49.0) or (TAXI_IN >= 0.0 and TAXI_IN < 7.0) or (TAXI_IN >= 21.0 and TAXI_IN < 28.0)) and ((ARR_DELAY >= 45.0 and ARR_DELAY < 90.0) or (ARR_DELAY >= 630.0 and ARR_DELAY < 675.0))"}, {"name": "viz_1", "selection": "((DEST = 'CHS') or (DEST = 'SEA') or (DEST = 'LIT') or (DEST = 'BGR') or (DEST = 'VLD') or (DEST = 'PIT') or (DEST = 'MOB') or (DEST = 'ABQ') or (DEST = 'MSN') or (DEST = 'SJC') or (DEST = 'FLL') or (DEST = 'HYS') or (DEST = 'IPL') or (DEST = 'DEN') or (DEST = 'ERI') or (DEST = 'SDF') or (DEST = 'ACV') or (DEST = 'ONT') or (DEST = 'SGF') or (DEST = 'BRO') or (DEST = 'TVC') or (DEST = 'JFK') or (DEST = 'FSD') or (DEST = 'YUM') or (DEST = 'DSM') or (DEST = 'PSG') or (DEST = 'EWR') or (DEST = 'CVG') or (DEST = 'KOA') or (DEST = 'BTR') or (DEST = 'RDU') or (DEST = 'CMH') or (DEST = 'FAI') or (DEST = 'MBS') or (DEST = 'JAN') or (DEST = 'JAC') or (DEST = 'GJT') or (DEST = 'MLB') or (DEST = 'OTZ') or (DEST = 'OAJ') or (DEST = 'BDL') or (DEST = 'CMI') or (DEST = 'MLU') or (DEST = 'SAT') or (DEST = 'STT') or (DEST = 'MCO') or (DEST = 'MSO') or (DEST = 'OTH') or (DEST = 'DLH') or (DEST = 'TWF') or (DEST = 'HSV') or (DEST = 'CRW') or (DEST = 'BUF') or (DEST = 'PWM') or (DEST = 'MTJ') or (DEST = 'GRK') or (DEST = 'GTF') or (DEST = 'COD') or (DEST = 'KTN') or (DEST = 'VPS') or (DEST = 'MFE') or (DEST = 'SGU') or (DEST = 'CLD') or (DEST = 'MCN') or (DEST = 'PHL') or (DEST = 'MAF') or (DEST = 'ISP') or (DEST = 'MDT') or (DEST = 'BET') or (DEST = 'TPA') or (DEST = 'ORF') or (DEST = 'RKS') or (DEST = 'LIH') or (DEST = 'MDW') or (DEST = 'DHN') or (DEST = 'GNV') or (DEST = 'FAY') or (DEST = 'CMX') or (DEST = 'BIL') or (DEST = 'BIS') or (DEST = 'PNS'))"}, {"name": "viz_2", "selection": "((TAXI_IN >= 14.0 and TAXI_IN < 21.0) or (TAXI_IN >= 21.0 and TAXI_IN < 28.0) or (TAXI_IN >= 0.0 and TAXI_IN < 7.0) or (TAXI_IN >= 105.0 and TAXI_IN < 112.0) or (TAXI_IN >= 119.0 and TAXI_IN < 126.0) or (TAXI_IN >= 77.0 and TAXI_IN < 84.0) or (TAXI_IN >= 63.0 and TAXI_IN < 70.0) or (TAXI_IN >= 28.0 and TAXI_IN < 35.0) or (TAXI_IN >= 70.0 and TAXI_IN < 77.0) or (TAXI_IN >= 91.0 and TAXI_IN < 98.0) or (TAXI_IN >= 84.0 and TAXI_IN < 91.0) or (TAXI_IN >= 147.0 and TAXI_IN < 154.0)) and ((ARR_DELAY >= -45.0 and ARR_DELAY < 0.0) or (ARR_DELAY >= 450.0 and ARR_DELAY < 495.0) or (ARR_DELAY >= 405.0 and ARR_DELAY < 450.0) or (ARR_DELAY >= 315.0 and ARR_DELAY < 360.0))"}, {"name": "viz_3", "binning": [{"dimension": "ARR_DELAY", "width": 27.0}], "perBinAggregates": [{"type": "avg", "dimension": "ARR_DELAY"}]}, {"name": "viz_4", "binning": [{"dimension": "ORIGIN_STATE_ABR"}, {"dimension": "TAXI_IN", "width": 4.0}], "perBinAggregates": [{"type": "count"}]}, {"name": "viz_5", "binning": [{"dimension": "TAXI_IN", "width": 7.0}], "perBinAggregates": [{"type": "count"}]}, {"name": "viz_0", "source": "viz_2 and viz_1 and viz_4"}, {"name": "viz_6", "binning": [{"dimension": "DISTANCE", "width": 449.0}, {"dimension": "UNIQUE_CARRIER"}], "perBinAggregates": [{"type": "count"}]}]}