{"name": "generated", "dataset": "flights", "seed": 15004, "config": "data/flights/workflowtypes/n1.json", "interactions": [{"name": "viz_0", "binning": [{"dimension": "UNIQUE_CARRIER"}], "perBinAggregates": [{"type": "count"}]}, {"name": "viz_1", "binning": [{"dimension": "TAXI_OUT", "width": 24.0}], "perBinAggregates": [{"type": "count"}]}, {"name": "viz_0", "source": "viz_1"}, {"name": "viz_1", "selection": "((TAXI_OUT >= 72.0 and TAXI_OUT < 96.0))"}, {"name": "viz_1", "selection": "((TAXI_OUT >= 72.0 and TAXI_OUT < 96.0))"}, {"name": "viz_2", "binning": [{"dimension": "TAXI_OUT", "width": 19.0}], "perBinAggregates": [{"type": "count"}]}, {"name": "viz_1", "selection": "((TAXI_OUT >= 144.0 and TAXI_OUT < 168.0))"}, {"name": "viz_1", "selection": "((TAXI_OUT >= 216.0 and TAXI_OUT < 240.0) or (TAXI_OUT >= 192.0 and TAXI_OUT < 216.0) or (TAXI_OUT >= 240.0 and TAXI_OUT < 264.0) or (TAXI_OUT >= 24.0 and TAXI_OUT < 48.0) or (TAXI_OUT >= 0.0 and TAXI_OUT < 24.0) or (TAXI_OUT >= 72.0 and TAXI_OUT < 96.0) or (TAXI_OUT >= 168.0 and TAXI_OUT < 192.0) or (TAXI_OUT >= 144.0 and TAXI_OUT < 168.0) or (TAXI_OUT >= 264.0 and TAXI_OUT < 288.0) or (TAXI_OUT >= 48.0 and TAXI_OUT < 72.0))"}, {"name": "viz_3", "binning": [{"dimension": "AIR_TIME", "width": 34.0}], "perBinAggregates": [{"type": "avg", "dimension": "DEP_DELAY"}]}, {"name": "viz_1", "selection": "((TAXI_OUT >= 240.0 and TAXI_OUT < 264.0))"}, {"name": "viz_1", "selection": "((TAXI_OUT >= 216.0 and TAXI_OUT < 240.0) or (TAXI_OUT >= 240.0 and TAXI_OUT < 264.0) or (TAXI_OUT >= 24.0 and TAXI_OUT < 48.0) or (TAXI_OUT >= 144.0 and TAXI_OUT < 168.0) or (TAXI_OUT >= 264.0 and TAXI_OUT < 288.0) or (TAXI_OUT >= 192.0 and TAXI_OUT < 216.0))"}, {"name": "viz_1", "selection": "((TAXI_OUT >= 216.0 and TAXI_OUT < 240.0) or (TAXI_OUT >= 192.0 and TAXI_OUT < 216.0) or (TAXI_OUT >= 240.0 and TAXI_OUT < 264.0) or (TAXI_OUT >= 24.0 and TAXI_OUT < 48.0) or (TAXI_OUT >= 48.0 and TAXI_OUT < 72.0) or (TAXI_OUT >= 168.0 and TAXI_OUT < 192.0) or (TAXI_OUT >= 144.0 and TAXI_OUT < 168.0) or (TAXI_OUT >= 72.0 and TAXI_OUT < 96.0) or (TAXI_OUT >= 120.0 and TAXI_OUT < 144.0))"}, {"name": "viz_1", "selection": "((TAXI_OUT >= 96.0 and TAXI_OUT < 120.0) or (TAXI_OUT >= 0.0 and TAXI_OUT < 24.0) or (TAXI_OUT >= 216.0 and TAXI_OUT < 240.0))"}, {"name": "viz_4", "binning": [{"dimension": "AIR_TIME", "width": 37.0}], "perBinAggregates": [{"type": "avg", "dimension": "TAXI_IN"}]}, {"name": "viz_1", "selection": "((TAXI_OUT >= 0.0 and TAXI_OUT < 24.0) or (TAXI_OUT >= 24.0 and TAXI_OUT < 48.0) or (TAXI_OUT >= 144.0 and TAXI_OUT < 168.0) or (TAXI_OUT >= 216.0 and TAXI_OUT < 240.0) or (TAXI_OUT >= 120.0 and TAXI_OUT < 144.0))"}, {"name": "viz_1", "selection": "((TAXI_OUT >= 144.0 and TAXI_OUT < 168.0) or (TAXI_OUT >= 264.0 and TAXI_OUT < 288.0) or (TAXI_OUT >= 240.0 and TAXI_OUT < 264.0))"}, {"name": "viz_0", "source": "viz_1 and viz_4"}, {"name": "viz_0", "source": "viz_3 and viz_1 and viz_4"}, {"name": "viz_0", "source": "viz_3 and viz_2 and viz_1 and viz_4"}, {"name": "viz_4", "selection": "((AIR_TIME >= 370.0 and AIR_TIME < 407.0))"}]}