{"name": "generated", "dataset": "flights", "seed": 15000, "config": "data/flights/workflowtypes/sequential.json", "interactions": [{"name": "viz_0", "binning": [{"dimension": "DISTANCE", "width": 479.0}, {"dimension": "DEST_STATE_ABR"}], "perBinAggregates": [{"type": "count"}]}, {"name": "viz_1", "binning": [{"dimension": "DEST_STATE_ABR"}, {"dimension": "DISTANCE", "width": 155.0}], "perBinAggregates": [{"type": "count"}]}, {"name": "viz_0", "source": "viz_1"}, {"name": "viz_2", "binning": [{"dimension": "TAXI_IN", "width": 14.0}], "perBinAggregates": [{"type": "count"}]}, {"name": "viz_1", "selection": "((DEST_STATE_ABR = 'NE') or (DEST_STATE_ABR = 'OR') or (DEST_STATE_ABR = 'SC') or (DEST_STATE_ABR = 'SD') or (DEST_STATE_ABR = 'IA') or (DEST_STATE_ABR = 'AL') or (DEST_STATE_ABR = 'FL') or (DEST_STATE_ABR = 'AZ') or (DEST_STATE_ABR = 'WI') or (DEST_STATE_ABR = 'MA') or (DEST_STATE_ABR = 'MN')) and ((DISTANCE >= 1240.0 and DISTANCE < 1395.0) or (DISTANCE >= 3255.0 and DISTANCE < 3410.0) or (DISTANCE >= 4030.0 and DISTANCE < 4185.0) or (DISTANCE >= 3720.0 and DISTANCE < 3875.0) or (DISTANCE >= 1550.0 and DISTANCE < 1705.0) or (DISTANCE >= 155.0 and DISTANCE < 310.0) or (DISTANCE >= 930.0 and DISTANCE < 1085.0) or (DISTANCE >= 3410.0 and DISTANCE < 3565.0) or (DISTANCE >= 620.0 and DISTANCE < 775.0) or (DISTANCE >= 2945.0 and DISTANCE < 3100.0) or (DISTANCE >= 2170.0 and DISTANCE < 2325.0) or (DISTANCE >= 4650.0 and DISTANCE < 4805.0) or (DISTANCE >= 4805.0 and DISTANCE < 4960.0) or (DISTANCE >= 4495.0 and DISTANCE < 4650.0) or (DISTANCE >= 1395.0 and DISTANCE < 1550.0) or (DISTANCE >= 310.0 and DISTANCE < 465.0))"}, {"name": "viz_1", "selection": "((DEST_STATE_ABR = 'SC') or (DEST_STATE_ABR = 'GA')) and ((DISTANCE >= 1395.0 and DISTANCE < 1550.0) or (DISTANCE >= 1550.0 and DISTANCE < 1705.0) or (DISTANCE >= 1860.0 and DISTANCE < 2015.0) or (DISTANCE >= 2325.0 and DISTANCE < 2480.0) or (DISTANCE >= 4340.0 and DISTANCE < 4495.0) or (DISTANCE >= 2635.0 and DISTANCE < 2790.0) or (DISTANCE >= 2790.0 and DISTANCE < 2945.0) or (DISTANCE >= 930.0 and DISTANCE < 1085.0) or (DISTANCE >= 1705.0 and DISTANCE < 1860.0) or (DISTANCE >= 155.0 and DISTANCE < 310.0) or (DISTANCE >= 4650.0 and DISTANCE < 4805.0) or (DISTANCE >= 3100.0 and DISTANCE < 3255.0) or (DISTANCE >= 2945.0 and DISTANCE < 3100.0) or (DISTANCE >= 3720.0 and DISTANCE < 3875.0) or (DISTANCE >= 3255.0 and DISTANCE < 3410.0) or (DISTANCE >= 3875.0 and DISTANCE < 4030.0) or (DISTANCE >= 310.0 and DISTANCE < 465.0) or (DISTANCE >= 2170.0 and DISTANCE < 2325.0) or (DISTANCE >= 0.0 and DISTANCE < 155.0) or (DISTANCE >= 4960.0 and DISTANCE < 5115.0) or (DISTANCE >= 620.0 and DISTANCE < 775.0) or (DISTANCE >= 1240.0 and DISTANCE < 1395.0) or (DISTANCE >= 3565.0 and DISTANCE < 3720.0) or (DISTANCE >= 775.0 and DISTANCE < 930.0) or (DISTANCE >= 1085.0 and DISTANCE < 1240.0) or (DISTANCE >= 465.0 and DISTANCE < 620.0))"}, {"name": "viz_2", "source": "viz_0"}, {"name": "viz_1", "selection": "((DEST_STATE_ABR = 'PA') or (DEST_STATE_ABR = 'SC') or (DEST_STATE_ABR = 'OH') or (DEST_STATE_ABR = 'MD') or (DEST_STATE_ABR = 'MT') or (DEST_STATE_ABR = 'VA') or (DEST_STATE_ABR = 'AL') or (DEST_STATE_ABR = 'HI') or (DEST_STATE_ABR = 'TX') or (DEST_STATE_ABR = 'MI') or (DEST_STATE_ABR = 'WA') or (DEST_STATE_ABR = 'UT') or (DEST_STATE_ABR = 'NY') or (DEST_STATE_ABR = 'NJ') or (DEST_STATE_ABR = 'FL') or (DEST_STATE_ABR = 'OK') or (DEST_STATE_ABR = 'VT') or (DEST_STATE_ABR = 'MS') or (DEST_STATE_ABR = 'IL') or (DEST_STATE_ABR = 'RI') or (DEST_STATE_ABR = 'TN') or (DEST_STATE_ABR = 'NH') or (DEST_STATE_ABR = 'CO') or (DEST_STATE_ABR = 'ND') or (DEST_STATE_ABR = 'LA') or (DEST_STATE_ABR = 'KY') or (DEST_STATE_ABR = 'NM') or (DEST_STATE_ABR = 'NC') or (DEST_STATE_ABR = 'MA') or (DEST_STATE_ABR = 'SD') or (DEST_STATE_ABR = 'OR') or (DEST_STATE_ABR = 'IA') or (DEST_STATE_ABR = 'AZ') or (DEST_STATE_ABR = 'NV') or (DEST_STATE_ABR = 'CT') or (DEST_STATE_ABR = 'CA') or (DEST_STATE_ABR = 'WV') or (DEST_STATE_ABR = 'AR') or (DEST_STATE_ABR = 'GA') or (DEST_STATE_ABR = 'MO') or (DEST_STATE_ABR = 'IN') or (DEST_STATE_ABR = 'MN') or (DEST_STATE_ABR = 'NE') or (DEST_STATE_ABR = 'VI') or (DEST_STATE_ABR = 'PR') or (DEST_STATE_ABR = 'ME') or (DEST_STATE_ABR = 'ID') or (DEST_STATE_ABR = 'WY')) and ((DISTANCE >= 1860.0 and DISTANCE < 2015.0) or (DISTANCE >= 4650.0 and DISTANCE < 4805.0) or (DISTANCE >= 3255.0 and DISTANCE < 3410.0) or (DISTANCE >= 1085.0 and DISTANCE < 1240.0) or (DISTANCE >= 4495.0 and DISTANCE < 4650.0) or (DISTANCE >= 3565.0 and DISTANCE < 3720.0) or (DISTANCE >= 2945.0 and DISTANCE < 3100.0) or (DISTANCE >= 930.0 and DISTANCE < 1085.0) or (DISTANCE >= 1705.0 and DISTANCE < 1860.0) or (DISTANCE >= 3875.0 and DISTANCE < 4030.0) or (DISTANCE >= 4030.0 and DISTANCE < 4185.0) or (DISTANCE >= 2015.0 and DISTANCE < 2170.0) or (DISTANCE >= 310.0 and DISTANCE < 465.0) or (DISTANCE >= 1395.0 and DISTANCE < 1550.0) or (DISTANCE >= 3100.0 and DISTANCE < 3255.0) or (DISTANCE >= 4805.0 and DISTANCE < 4960.0) or (DISTANCE >= 155.0 and DISTANCE < 310.0) or (DISTANCE >= 2480.0 and DISTANCE < 2635.0) or (DISTANCE >= 4960.0 and DISTANCE < 5115.0) or (DISTANCE >= 465.0 and DISTANCE < 620.0) or (DISTANCE >= 3720.0 and DISTANCE < 3875.0) or (DISTANCE >= 3410.0 and DISTANCE < 3565.0) or (DISTANCE >= 775.0 and DISTANCE < 930.0) or (DISTANCE >= 1240.0 and DISTANCE < 1395.0) or (DISTANCE >= 4340.0 and DISTANCE < 4495.0) or (DISTANCE >= 1550.0 and DISTANCE < 1705.0) or (DISTANCE >= 2635.0 and DISTANCE < 2790.0) or (DISTANCE >= 2170.0 and DISTANCE < 2325.0) or (DISTANCE >= 2325.0 and DISTANCE < 2480.0) or (DISTANCE >= 4185.0 and DISTANCE < 4340.0) or (DISTANCE >= 2790.0 and DISTANCE < 2945.0) or (DISTANCE >= 620.0 and DISTANCE < 775.0))"}, {"name": "viz_1", "selection": "((DEST_STATE_ABR = 'WV') or (DEST_STATE_ABR = 'CT') or (DEST_STATE_ABR = 'ME') or (DEST_STATE_ABR = 'MT') or (DEST_STATE_ABR = 'MD') or (DEST_STATE_ABR = 'UT') or (DEST_STATE_ABR = 'MI') or (DEST_STATE_ABR = 'NC') or (DEST_STATE_ABR = 'TN') or (DEST_STATE_ABR = 'LA') or (DEST_STATE_ABR = 'NV') or (DEST_STATE_ABR = 'FL') or (DEST_STATE_ABR = 'ND') or (DEST_STATE_ABR = 'OR') or (DEST_STATE_ABR = 'SD') or (DEST_STATE_ABR = 'NH') or (DEST_STATE_ABR = 'WY') or (DEST_STATE_ABR = 'AK') or (DEST_STATE_ABR = 'NM') or (DEST_STATE_ABR = 'PA') or (DEST_STATE_ABR = 'MN') or (DEST_STATE_ABR = 'WI') or (DEST_STATE_ABR = 'WA') or (DEST_STATE_ABR = 'IN') or (DEST_STATE_ABR = 'IL') or (DEST_STATE_ABR = 'CO') or (DEST_STATE_ABR = 'GA') or (DEST_STATE_ABR = 'MO') or (DEST_STATE_ABR = 'OH') or (DEST_STATE_ABR = 'SC') or (DEST_STATE_ABR = 'MS') or (DEST_STATE_ABR = 'KS') or (DEST_STATE_ABR = 'OK')) and ((DISTANCE >= 2480.0 and DISTANCE < 2635.0))"}, {"name": "viz_0", "selection": "((DISTANCE >= 2395.0 and DISTANCE < 2874.0)) and ((DEST_STATE_ABR = 'PA'))"}, {"name": "viz_1", "selection": "((DEST_STATE_ABR = 'FL') or (DEST_STATE_ABR = 'HI') or (DEST_STATE_ABR = 'CT') or (DEST_STATE_ABR = 'TX') or (DEST_STATE_ABR = 'NE') or (DEST_STATE_ABR = 'ID') or (DEST_STATE_ABR = 'MI') or (DEST_STATE_ABR = 'TN') or (DEST_STATE_ABR = 'IL') or (DEST_STATE_ABR = 'PR') or (DEST_STATE_ABR = 'MT') or (DEST_STATE_ABR = 'ND') or (DEST_STATE_ABR = 'AK') or (DEST_STATE_ABR = 'OH') or (DEST_STATE_ABR = 'CA') or (DEST_STATE_ABR = 'UT') or (DEST_STATE_ABR = 'OR') or (DEST_STATE_ABR = 'MD') or (DEST_STATE_ABR = 'NY') or (DEST_STATE_ABR = 'AL') or (DEST_STATE_ABR = 'OK') or (DEST_STATE_ABR = 'NV') or (DEST_STATE_ABR = 'NC') or (DEST_STATE_ABR = 'KS') or (DEST_STATE_ABR = 'AZ') or (DEST_STATE_ABR = 'VT') or (DEST_STATE_ABR = 'WV') or (DEST_STATE_ABR = 'RI') or (DEST_STATE_ABR = 'WY') or (DEST_STATE_ABR = 'WA') or (DEST_STATE_ABR = 'ME') or (DEST_STATE_ABR = 'SD') or (DEST_STATE_ABR = 'NJ') or (DEST_STATE_ABR = 'MA') or (DEST_STATE_ABR = 'CO') or (DEST_STATE_ABR = 'SC') or (DEST_STATE_ABR = 'IA') or (DEST_STATE_ABR = 'LA') or (DEST_STATE_ABR = 'VA') or (DEST_STATE_ABR = 'IN') or (DEST_STATE_ABR = 'NM') or (DEST_STATE_ABR = 'AR')) and ((DISTANCE >= 620.0 and DISTANCE < 775.0) or (DISTANCE >= 4650.0 and DISTANCE < 4805.0) or (DISTANCE >= 3410.0 and DISTANCE < 3565.0))"}, {"name": "viz_1", "selection": "((DEST_STATE_ABR = 'WV') or (DEST_STATE_ABR = 'AR') or (DEST_STATE_ABR = 'IL') or (DEST_STATE_ABR = 'MI') or (DEST_STATE_ABR = 'VA') or (DEST_STATE_ABR = 'KS') or (DEST_STATE_ABR = 'SC') or (DEST_STATE_ABR = 'WI') or (DEST_STATE_ABR = 'ME') or (DEST_STATE_ABR = 'ND') or (DEST_STATE_ABR = 'MO') or (DEST_STATE_ABR = 'MA') or (DEST_STATE_ABR = 'CT') or (DEST_STATE_ABR = 'TX') or (DEST_STATE_ABR = 'WA') or (DEST_STATE_ABR = 'CO') or (DEST_STATE_ABR = 'LA') or (DEST_STATE_ABR = 'TN') or (DEST_STATE_ABR = 'FL') or (DEST_STATE_ABR = 'NH') or (DEST_STATE_ABR = 'WY') or (DEST_STATE_ABR = 'IA') or (DEST_STATE_ABR = 'AZ') or (DEST_STATE_ABR = 'KY') or (DEST_STATE_ABR = 'HI') or (DEST_STATE_ABR = 'VT') or (DEST_STATE_ABR = 'OR') or (DEST_STATE_ABR = 'MD') or (DEST_STATE_ABR = 'MN') or (DEST_STATE_ABR = 'MT') or (DEST_STATE_ABR = 'MS') or (DEST_STATE_ABR = 'CA') or (DEST_STATE_ABR = 'AK') or (DEST_STATE_ABR = 'GA') or (DEST_STATE_ABR = 'NE') or (DEST_STATE_ABR = 'ID') or (DEST_STATE_ABR = 'NJ') or (DEST_STATE_ABR = 'RI') or (DEST_STATE_ABR = 'PA') or (DEST_STATE_ABR = 'OK') or (DEST_STATE_ABR = 'AL') or (DEST_STATE_ABR = 'NY') or (DEST_STATE_ABR = 'IN') or (DEST_STATE_ABR = 'OH') or (DEST_STATE_ABR = 'NM') or (DEST_STATE_ABR = 'NV')) and ((DISTANCE >= 620.0 and DISTANCE < 775.0))"}, {"name": "viz_0", "selection": "((DISTANCE >= 479.0 and DISTANCE < 958.0)) and ((DEST_STATE_ABR = 'NJ') or (DEST_STATE_ABR = 'PA') or (DEST_STATE_ABR = 'TX') or (DEST_STATE_ABR = 'OK') or (DEST_STATE_ABR = 'MT') or (DEST_STATE_ABR = 'KY') or (DEST_STATE_ABR = 'ME') or (DEST_STATE_ABR = 'MS') or (DEST_STATE_ABR = 'FL') or (DEST_STATE_ABR = 'NV') or (DEST_STATE_ABR = 'MA') or (DEST_STATE_ABR = 'IN') or (DEST_STATE_ABR = 'WA') or (DEST_STATE_ABR = 'MD') or (DEST_STATE_ABR = 'GA') or (DEST_STATE_ABR = 'OH') or (DEST_STATE_ABR = 'OR') or (DEST_STATE_ABR = 'ID') or (DEST_STATE_ABR = 'AK') or (DEST_STATE_ABR = 'CA') or (DEST_STATE_ABR = 'IA') or (DEST_STATE_ABR = 'SC') or (DEST_STATE_ABR = 'MI') or (DEST_STATE_ABR = 'MO') or (DEST_STATE_ABR = 'AL') or (DEST_STATE_ABR = 'CO') or (DEST_STATE_ABR = 'AZ') or (DEST_STATE_ABR = 'NH') or (DEST_STATE_ABR = 'WI') or (DEST_STATE_ABR = 'MN') or (DEST_STATE_ABR = 'NE') or (DEST_STATE_ABR = 'LA') or (DEST_STATE_ABR = 'CT') or (DEST_STATE_ABR = 'AR') or (DEST_STATE_ABR = 'VA') or (DEST_STATE_ABR = 'NM') or (DEST_STATE_ABR = 'TN') or (DEST_STATE_ABR = 'VT') or (DEST_STATE_ABR = 'RI') or (DEST_STATE_ABR = 'NY') or (DEST_STATE_ABR = 'IL') or (DEST_STATE_ABR = 'ND'))"}, {"name": "viz_3", "binning": [{"dimension": "DEP_DELAY", "width": 22.0}, {"dimension": "TAXI_IN", "width": 6.0}], "perBinAggregates": [{"type": "count"}]}, {"name": "viz_4", "binning": [{"dimension": "TAXI_IN", "width": 6.0}], "perBinAggregates": [{"type": "count"}]}, {"name": "viz_5", "binning": [{"dimension": "ARR_DELAY", "width": 27.0}], "perBinAggregates": [{"type": "count"}]}, {"name": "viz_1", "selection": "((DEST_STATE_ABR = 'MO') or (DEST_STATE_ABR = 'VA') or (DEST_STATE_ABR = 'WI') or (DEST_STATE_ABR = 'NC') or (DEST_STATE_ABR = 'SC') or (DEST_STATE_ABR = 'ME') or (DEST_STATE_ABR = 'CA') or (DEST_STATE_ABR = 'KS') or (DEST_STATE_ABR = 'AK') or (DEST_STATE_ABR = 'CO') or (DEST_STATE_ABR = 'NE') or (DEST_STATE_ABR = 'KY') or (DEST_STATE_ABR = 'MA') or (DEST_STATE_ABR = 'IL') or (DEST_STATE_ABR = 'RI') or (DEST_STATE_ABR = 'PR') or (DEST_STATE_ABR = 'UT') or (DEST_STATE_ABR = 'NY') or (DEST_STATE_ABR = 'WY') or (DEST_STATE_ABR = 'MT') or (DEST_STATE_ABR = 'ID') or (DEST_STATE_ABR = 'CT') or (DEST_STATE_ABR = 'VI') or (DEST_STATE_ABR = 'GA') or (DEST_STATE_ABR = 'MI') or (DEST_STATE_ABR = 'LA') or (DEST_STATE_ABR = 'FL') or (DEST_STATE_ABR = 'NM') or (DEST_STATE_ABR = 'VT') or (DEST_STATE_ABR = 'TX') or (DEST_STATE_ABR = 'TN') or (DEST_STATE_ABR = 'NV') or (DEST_STATE_ABR = 'MS') or (DEST_STATE_ABR = 'PA') or (DEST_STATE_ABR = 'ND') or (DEST_STATE_ABR = 'NH')) and ((DISTANCE >= 1085.0 and DISTANCE < 1240.0) or (DISTANCE >= 4495.0 and DISTANCE < 4650.0) or (DISTANCE >= 4805.0 and DISTANCE < 4960.0) or (DISTANCE >= 2015.0 and DISTANCE < 2170.0) or (DISTANCE >= 620.0 and DISTANCE < 775.0))"}, {"name": "viz_5", "source": "viz_2"}, {"name": "viz_6", "binning": [{"dimension": "DEST_STATE_ABR"}, {"dimension": "ARR_DELAY", "width": 30.0}], "perBinAggregates": [{"type": "count"}]}, {"name": "viz_7", "binning": [{"dimension": "ORIGIN_STATE_ABR"}], "perBinAggregates": [{"type": "count"}]}]}