{"name": "generated", "dataset": "flights", "seed": 15004, "config": "data/flights/workflowtypes/sequential.json", "interactions": [{"name": "viz_0", "binning": [{"dimension": "UNIQUE_CARRIER"}], "perBinAggregates": [{"type": "count"}]}, {"name": "viz_1", "binning": [{"dimension": "TAXI_OUT", "width": 24.0}], "perBinAggregates": [{"type": "count"}]}, {"name": "viz_0", "source": "viz_1"}, {"name": "viz_1", "selection": "((TAXI_OUT >= 0.0 and TAXI_OUT < 24.0) or (TAXI_OUT >= 120.0 and TAXI_OUT < 144.0) or (TAXI_OUT >= 264.0 and TAXI_OUT < 288.0))"}, {"name": "viz_1", "selection": "((TAXI_OUT >= 24.0 and TAXI_OUT < 48.0) or (TAXI_OUT >= 240.0 and TAXI_OUT < 264.0) or (TAXI_OUT >= 96.0 and TAXI_OUT < 120.0) or (TAXI_OUT >= 48.0 and TAXI_OUT < 72.0) or (TAXI_OUT >= 192.0 and TAXI_OUT < 216.0))"}, {"name": "viz_2", "binning": [{"dimension": "UNIQUE_CARRIER"}], "perBinAggregates": [{"type": "count"}]}, {"name": "viz_2", "source": "viz_0"}, {"name": "viz_0", "selection": "((UNIQUE_CARRIER = 'DH') or (UNIQUE_CARRIER = 'FL') or (UNIQUE_CARRIER = 'OH (1)') or (UNIQUE_CARRIER = 'UA') or (UNIQUE_CARRIER = '9E') or (UNIQUE_CARRIER = 'TW') or (UNIQUE_CARRIER = 'F9') or (UNIQUE_CARRIER = 'MQ') or (UNIQUE_CARRIER = 'NK'))"}, {"name": "viz_3", "binning": [{"dimension": "DISTANCE", "width": 269.0}], "perBinAggregates": [{"type": "count"}]}, {"name": "viz_0", "selection": "((UNIQUE_CARRIER = 'F9') or (UNIQUE_CARRIER = 'NW') or (UNIQUE_CARRIER = 'DH') or (UNIQUE_CARRIER = 'HP') or (UNIQUE_CARRIER = 'EV') or (UNIQUE_CARRIER = '9E') or (UNIQUE_CARRIER = 'DL') or (UNIQUE_CARRIER = 'XE') or (UNIQUE_CARRIER = 'WN') or (UNIQUE_CARRIER = 'OH (1)') or (UNIQUE_CARRIER = 'NK') or (UNIQUE_CARRIER = 'HA') or (UNIQUE_CARRIER = 'YV'))"}, {"name": "viz_3", "source": "viz_2"}, {"name": "viz_2", "selection": "((UNIQUE_CARRIER = '9E') or (UNIQUE_CARRIER = 'OH (1)') or (UNIQUE_CARRIER = 'NK') or (UNIQUE_CARRIER = 'WN'))"}, {"name": "viz_0", "selection": "((UNIQUE_CARRIER = 'B6') or (UNIQUE_CARRIER = 'OO') or (UNIQUE_CARRIER = 'UA') or (UNIQUE_CARRIER = 'AA') or (UNIQUE_CARRIER = 'XE') or (UNIQUE_CARRIER = 'EV') or (UNIQUE_CARRIER = '9E') or (UNIQUE_CARRIER = 'F9') or (UNIQUE_CARRIER = 'VX') or (UNIQUE_CARRIER = 'OH (1)') or (UNIQUE_CARRIER = 'NW') or (UNIQUE_CARRIER = 'HP') or (UNIQUE_CARRIER = 'HA'))"}, {"name": "viz_4", "binning": [{"dimension": "ARR_DELAY", "width": 71.0}], "perBinAggregates": [{"type": "count"}]}, {"name": "viz_5", "binning": [{"dimension": "DEST_STATE_ABR"}], "perBinAggregates": [{"type": "count"}]}, {"name": "viz_2", "selection": "((UNIQUE_CARRIER = 'OH (1)') or (UNIQUE_CARRIER = 'HA') or (UNIQUE_CARRIER = 'HP') or (UNIQUE_CARRIER = 'OO') or (UNIQUE_CARRIER = 'EV') or (UNIQUE_CARRIER = 'VX') or (UNIQUE_CARRIER = 'B6') or (UNIQUE_CARRIER = 'UA'))"}, {"name": "viz_2", "selection": "((UNIQUE_CARRIER = 'F9') or (UNIQUE_CARRIER = 'NW') or (UNIQUE_CARRIER = 'EV') or (UNIQUE_CARRIER = 'HP'))"}, {"name": "viz_1", "selection": "((TAXI_OUT >= 72.0 and TAXI_OUT < 96.0) or (TAXI_OUT >= 24.0 and TAXI_OUT < 48.0) or (TAXI_OUT >= 264.0 and TAXI_OUT < 288.0) or (TAXI_OUT >= 240.0 and TAXI_OUT < 264.0) or (TAXI_OUT >= 216.0 and TAXI_OUT < 240.0) or (TAXI_OUT >= 48.0 and TAXI_OUT < 72.0) or (TAXI_OUT >= 192.0 and TAXI_OUT < 216.0) or (TAXI_OUT >= 96.0 and TAXI_OUT < 120.0))"}, {"name": "viz_4", "source": "viz_3"}, {"name": "viz_6", "binning": [{"dimension": "UNIQUE_CARRIER"}, {"dimension": "DEST_STATE_ABR"}], "perBinAggregates": [{"type": "avg", "dimension": "ARR_DELAY"}]}]}