{"name": "generated", "dataset": "flights", "seed": 15001, "config": "data/flights/workflowtypes/sequential.json", "interactions": [{"name": "viz_0", "binning": [{"dimension": "DISTANCE", "width": 225.0}, {"dimension": "AIR_TIME", "width": 42.0}], "perBinAggregates": [{"type": "count"}]}, {"name": "viz_1", "binning": [{"dimension": "TAXI_IN", "width": 12.0}, {"dimension": "UNIQUE_CARRIER"}], "perBinAggregates": [{"type": "avg", "dimension": "AIR_TIME"}]}, {"name": "viz_1", "source": "viz_0"}, {"name": "viz_0", "selection": "((DISTANCE >= 4050.0 and DISTANCE < 4275.0) or (DISTANCE >= 4950.0 and DISTANCE < 5175.0) or (DISTANCE >= 1125.0 and DISTANCE < 1350.0) or (DISTANCE >= 450.0 and DISTANCE < 675.0) or (DISTANCE >= 1350.0 and DISTANCE < 1575.0) or (DISTANCE >= 2925.0 and DISTANCE < 3150.0) or (DISTANCE >= 2025.0 and DISTANCE < 2250.0) or (DISTANCE >= 3375.0 and DISTANCE < 3600.0) or (DISTANCE >= 2700.0 and DISTANCE < 2925.0) or (DISTANCE >= 3150.0 and DISTANCE < 3375.0) or (DISTANCE >= 4275.0 and DISTANCE < 4500.0) or (DISTANCE >= 0.0 and DISTANCE < 225.0) or (DISTANCE >= 1575.0 and DISTANCE < 1800.0) or (DISTANCE >= 3600.0 and DISTANCE < 3825.0) or (DISTANCE >= 3825.0 and DISTANCE < 4050.0)) and ((AIR_TIME >= 294.0 and AIR_TIME < 336.0))"}, {"name": "viz_0", "selection": "((DISTANCE >= 4725.0 and DISTANCE < 4950.0) or (DISTANCE >= 4950.0 and DISTANCE < 5175.0) or (DISTANCE >= 2925.0 and DISTANCE < 3150.0) or (DISTANCE >= 3375.0 and DISTANCE < 3600.0) or (DISTANCE >= 3825.0 and DISTANCE < 4050.0) or (DISTANCE >= 225.0 and DISTANCE < 450.0) or (DISTANCE >= 675.0 and DISTANCE < 900.0) or (DISTANCE >= 2475.0 and DISTANCE < 2700.0) or (DISTANCE >= 2700.0 and DISTANCE < 2925.0) or (DISTANCE >= 1350.0 and DISTANCE < 1575.0) or (DISTANCE >= 900.0 and DISTANCE < 1125.0) or (DISTANCE >= 4500.0 and DISTANCE < 4725.0) or (DISTANCE >= 0.0 and DISTANCE < 225.0) or (DISTANCE >= 1125.0 and DISTANCE < 1350.0) or (DISTANCE >= 450.0 and DISTANCE < 675.0) or (DISTANCE >= 3600.0 and DISTANCE < 3825.0) or (DISTANCE >= 3150.0 and DISTANCE < 3375.0) or (DISTANCE >= 1800.0 and DISTANCE < 2025.0) or (DISTANCE >= 4275.0 and DISTANCE < 4500.0) or (DISTANCE >= 2025.0 and DISTANCE < 2250.0)) and ((AIR_TIME >= 0.0 and AIR_TIME < 42.0) or (AIR_TIME >= 630.0 and AIR_TIME < 672.0) or (AIR_TIME >= 588.0 and AIR_TIME < 630.0) or (AIR_TIME >= 84.0 and AIR_TIME < 126.0) or (AIR_TIME >= 420.0 and AIR_TIME < 462.0) or (AIR_TIME >= 42.0 and AIR_TIME < 84.0) or (AIR_TIME >= 462.0 and AIR_TIME < 504.0) or (AIR_TIME >= 168.0 and AIR_TIME < 210.0) or (AIR_TIME >= 336.0 and AIR_TIME < 378.0) or (AIR_TIME >= 546.0 and AIR_TIME < 588.0) or (AIR_TIME >= 252.0 and AIR_TIME < 294.0) or (AIR_TIME >= 210.0 and AIR_TIME < 252.0) or (AIR_TIME >= 378.0 and AIR_TIME < 420.0) or (AIR_TIME >= 294.0 and AIR_TIME < 336.0) or (AIR_TIME >= 126.0 and AIR_TIME < 168.0))"}, {"name": "viz_2", "binning": [{"dimension": "ORIGIN_STATE_ABR"}], "perBinAggregates": [{"type": "count"}]}, {"name": "viz_2", "source": "viz_1"}, {"name": "viz_0", "selection": "((DISTANCE >= 675.0 and DISTANCE < 900.0) or (DISTANCE >= 450.0 and DISTANCE < 675.0) or (DISTANCE >= 3375.0 and DISTANCE < 3600.0) or (DISTANCE >= 225.0 and DISTANCE < 450.0) or (DISTANCE >= 2250.0 and DISTANCE < 2475.0) or (DISTANCE >= 900.0 and DISTANCE < 1125.0) or (DISTANCE >= 4050.0 and DISTANCE < 4275.0) or (DISTANCE >= 0.0 and DISTANCE < 225.0) or (DISTANCE >= 3150.0 and DISTANCE < 3375.0)) and ((AIR_TIME >= 630.0 and AIR_TIME < 672.0) or (AIR_TIME >= 0.0 and AIR_TIME < 42.0) or (AIR_TIME >= 588.0 and AIR_TIME < 630.0) or (AIR_TIME >= 546.0 and AIR_TIME < 588.0) or (AIR_TIME >= 252.0 and AIR_TIME < 294.0) or (AIR_TIME >= 294.0 and AIR_TIME < 336.0) or (AIR_TIME >= 84.0 and AIR_TIME < 126.0) or (AIR_TIME >= 336.0 and AIR_TIME < 378.0) or (AIR_TIME >= 504.0 and AIR_TIME < 546.0) or (AIR_TIME >= 126.0 and AIR_TIME < 168.0) or (AIR_TIME >= 168.0 and AIR_TIME < 210.0))"}, {"name": "viz_1", "selection": "((TAXI_IN >= 36.0 and TAXI_IN < 48.0) or (TAXI_IN >= 48.0 and TAXI_IN < 60.0) or (TAXI_IN >= 0.0 and TAXI_IN < 12.0) or (TAXI_IN >= 60.0 and TAXI_IN < 72.0) or (TAXI_IN >= 72.0 and TAXI_IN < 84.0) or (TAXI_IN >= 84.0 and TAXI_IN < 96.0)) and ((UNIQUE_CARRIER = 'VX') or (UNIQUE_CARRIER = 'HP') or (UNIQUE_CARRIER = 'TW') or (UNIQUE_CARRIER = 'AA') or (UNIQUE_CARRIER = 'NK') or (UNIQUE_CARRIER = 'MQ') or (UNIQUE_CARRIER = 'TZ') or (UNIQUE_CARRIER = 'DH'))"}, {"name": "viz_0", "selection": "((DISTANCE >= 3825.0 and DISTANCE < 4050.0)) and ((AIR_TIME >= 42.0 and AIR_TIME < 84.0) or (AIR_TIME >= 252.0 and AIR_TIME < 294.0) or (AIR_TIME >= 462.0 and AIR_TIME < 504.0) or (AIR_TIME >= 378.0 and AIR_TIME < 420.0) or (AIR_TIME >= 84.0 and AIR_TIME < 126.0) or (AIR_TIME >= 630.0 and AIR_TIME < 672.0) or (AIR_TIME >= 294.0 and AIR_TIME < 336.0) or (AIR_TIME >= 504.0 and AIR_TIME < 546.0))"}, {"name": "viz_0", "selection": "((DISTANCE >= 675.0 and DISTANCE < 900.0)) and ((AIR_TIME >= 294.0 and AIR_TIME < 336.0) or (AIR_TIME >= 378.0 and AIR_TIME < 420.0) or (AIR_TIME >= 462.0 and AIR_TIME < 504.0) or (AIR_TIME >= 42.0 and AIR_TIME < 84.0) or (AIR_TIME >= 210.0 and AIR_TIME < 252.0) or (AIR_TIME >= 168.0 and AIR_TIME < 210.0) or (AIR_TIME >= 252.0 and AIR_TIME < 294.0) or (AIR_TIME >= 84.0 and AIR_TIME < 126.0) or (AIR_TIME >= 546.0 and AIR_TIME < 588.0) or (AIR_TIME >= 504.0 and AIR_TIME < 546.0) or (AIR_TIME >= 630.0 and AIR_TIME < 672.0) or (AIR_TIME >= 0.0 and AIR_TIME < 42.0) or (AIR_TIME >= 126.0 and AIR_TIME < 168.0) or (AIR_TIME >= 420.0 and AIR_TIME < 462.0) or (AIR_TIME >= 588.0 and AIR_TIME < 630.0))"}, {"name": "viz_0", "selection": "((DISTANCE >= 2025.0 and DISTANCE < 2250.0)) and ((AIR_TIME >= 336.0 and AIR_TIME < 378.0))"}, {"name": "viz_0", "selection": "((DISTANCE >= 2475.0 and DISTANCE < 2700.0)) and ((AIR_TIME >= 336.0 and AIR_TIME < 378.0) or (AIR_TIME >= 126.0 and AIR_TIME < 168.0) or (AIR_TIME >= 0.0 and AIR_TIME < 42.0) or (AIR_TIME >= 168.0 and AIR_TIME < 210.0) or (AIR_TIME >= 462.0 and AIR_TIME < 504.0) or (AIR_TIME >= 294.0 and AIR_TIME < 336.0) or (AIR_TIME >= 84.0 and AIR_TIME < 126.0) or (AIR_TIME >= 420.0 and AIR_TIME < 462.0) or (AIR_TIME >= 42.0 and AIR_TIME < 84.0) or (AIR_TIME >= 630.0 and AIR_TIME < 672.0))"}, {"name": "viz_0", "selection": "((DISTANCE >= 4725.0 and DISTANCE < 4950.0) or (DISTANCE >= 1800.0 and DISTANCE < 2025.0) or (DISTANCE >= 2250.0 and DISTANCE < 2475.0) or (DISTANCE >= 3825.0 and DISTANCE < 4050.0) or (DISTANCE >= 3375.0 and DISTANCE < 3600.0) or (DISTANCE >= 2025.0 and DISTANCE < 2250.0) or (DISTANCE >= 3600.0 and DISTANCE < 3825.0) or (DISTANCE >= 450.0 and DISTANCE < 675.0) or (DISTANCE >= 225.0 and DISTANCE < 450.0) or (DISTANCE >= 4275.0 and DISTANCE < 4500.0) or (DISTANCE >= 900.0 and DISTANCE < 1125.0) or (DISTANCE >= 4050.0 and DISTANCE < 4275.0) or (DISTANCE >= 1125.0 and DISTANCE < 1350.0) or (DISTANCE >= 2925.0 and DISTANCE < 3150.0) or (DISTANCE >= 1350.0 and DISTANCE < 1575.0) or (DISTANCE >= 4950.0 and DISTANCE < 5175.0) or (DISTANCE >= 2700.0 and DISTANCE < 2925.0) or (DISTANCE >= 675.0 and DISTANCE < 900.0) or (DISTANCE >= 0.0 and DISTANCE < 225.0) or (DISTANCE >= 1575.0 and DISTANCE < 1800.0) or (DISTANCE >= 3150.0 and DISTANCE < 3375.0)) and ((AIR_TIME >= 336.0 and AIR_TIME < 378.0) or (AIR_TIME >= 378.0 and AIR_TIME < 420.0) or (AIR_TIME >= 630.0 and AIR_TIME < 672.0))"}, {"name": "viz_3", "binning": [{"dimension": "DISTANCE", "width": 144.0}, {"dimension": "ARR_DELAY", "width": 31.0}], "perBinAggregates": [{"type": "count"}]}, {"name": "viz_3", "source": "viz_2"}, {"name": "viz_4", "binning": [{"dimension": "TAXI_IN", "width": 6.0}, {"dimension": "UNIQUE_CARRIER"}], "perBinAggregates": [{"type": "count"}]}, {"name": "viz_0", "selection": "((DISTANCE >= 2700.0 and DISTANCE < 2925.0)) and ((AIR_TIME >= 378.0 and AIR_TIME < 420.0) or (AIR_TIME >= 168.0 and AIR_TIME < 210.0) or (AIR_TIME >= 0.0 and AIR_TIME < 42.0) or (AIR_TIME >= 630.0 and AIR_TIME < 672.0))"}, {"name": "viz_5", "binning": [{"dimension": "DEST_STATE_ABR"}, {"dimension": "ORIGIN_STATE_ABR"}], "perBinAggregates": [{"type": "count"}]}, {"name": "viz_4", "source": "viz_3"}]}