,,taskstart,,,1551102116267,
,,mouseover,,,1551102128034,RECORD_DATE
,,mouseout,,,1551102128458,RECORD_DATE
,,mouseover,,,1551102128458,RECORD_DATE
,,down,,,1551102130494,
,,brushStart,,,1551102130494,RECORD_DATE
1326565008000,1326565008000,brush,,,1551102130626,RECORD_DATE
1326587461714.2856,1326565008000,brush,,,1551102130663,RECORD_DATE
1326879360000,1326565008000,brush,56.999999999996895,56,1551102130694,RECORD_DATE
1327238619428.5715,1326565008000,brush,70,56,1551102130722,RECORD_DATE
1327508064000,1326565008000,brush,86.00000000000466,56,1551102130741,RECORD_DATE
1327710147428.5715,1326565008000,brush,98.00000000000001,56,1551102130760,RECORD_DATE
1327889777142.8572,1326565008000,brush,107.00000000000466,56,1551102130783,RECORD_DATE
1328181675428.5715,1326565008000,brush,115.00000000000155,56,1551102130803,RECORD_DATE
1328428666285.7144,1326565008000,brush,128.00000000000466,56,1551102130819,RECORD_DATE
1328540934857.1428,1326565008000,brush,139.0000000000031,56,1551102130841,RECORD_DATE
1328720564571.4285,1326565008000,brush,143.99999999999844,56,1551102130859,RECORD_DATE
1328900194285.7144,1326565008000,brush,151.99999999999534,56,1551102130874,RECORD_DATE
1329147185142.8572,1326565008000,brush,160.0000000000031,56,1551102130889,RECORD_DATE
1329371722285.7144,1326565008000,brush,171.00000000000153,56,1551102130907,RECORD_DATE
1329528898285.7144,1326565008000,brush,181.0000000000031,56,1551102130922,RECORD_DATE
1329641166857.1428,1326565008000,brush,188.0000000000031,56,1551102130939,RECORD_DATE
,,mouseout,,,1551102130955,RECORD_DATE
,,mouseover,,,1551102130955,RECORD_DATE
1329730981714.2856,1326565008000,brush,192.99999999999844,56,1551102130956,RECORD_DATE
,,mouseout,,,1551102130978,RECORD_DATE
,,mouseover,,,1551102130978,RECORD_DATE
1329775889142.8572,1326565008000,brush,196.99999999999687,56,1551102130978,RECORD_DATE
1330000426285.7144,1326565008000,brush,199.00000000000156,56,1551102130996,RECORD_DATE
,,mouseout,,,1551102131016,RECORD_DATE
,,mouseover,,,1551102131016,RECORD_DATE
1330090241142.8572,1326565008000,brush,209.0000000000031,56,1551102131017,RECORD_DATE
,,mouseout,,,1551102131034,RECORD_DATE
,,mouseover,,,1551102131034,RECORD_DATE
1330157602285.7144,1326565008000,brush,213.00000000000153,56,1551102131035,RECORD_DATE
1330337232000,1326565008000,brush,216.0000000000031,56,1551102131051,RECORD_DATE
1330471954285.7144,1326565008000,brush,224,56,1551102131067,RECORD_DATE
,,mouseout,,,1551102131085,RECORD_DATE
,,mouseover,,,1551102131085,RECORD_DATE
1330539315428.5715,1326565008000,brush,230.0000000000031,56,1551102131085,RECORD_DATE
1330584222857.1428,1326565008000,brush,233.00000000000466,56,1551102131101,RECORD_DATE
1330651584000,1326565008000,brush,234.99999999999847,56,1551102131118,RECORD_DATE
1330718945142.8572,1326565008000,brush,238.00000000000003,56,1551102131134,RECORD_DATE
1330786306285.7144,1326565008000,brush,241.00000000000156,56,1551102131152,RECORD_DATE
,,mouseout,,,1551102131769,RECORD_DATE
,,mouseover,,,1551102131769,RECORD_DATE
1330831213714.2856,1326565008000,brush,244.00000000000313,56,1551102131769,RECORD_DATE
1330831213714.2856,1326565008000,brush,245.99999999999687,56,1551102131929,RECORD_DATE
1330808760000,1326565008000,brush,245.99999999999687,56,1551102131936,RECORD_DATE
1330808760000,1326565008000,brush,244.99999999999997,56,1551102131968,RECORD_DATE
1330808760000,1326565008000,brush,244.99999999999997,56,1551102131985,RECORD_DATE
1330786306285.7144,1326565008000,brush,244.99999999999997,56,1551102132009,RECORD_DATE
1330786306285.7144,1326565008000,brush,244.00000000000313,56,1551102132081,RECORD_DATE
1330786306285.7144,1326565008000,brush,244.00000000000313,56,1551102132101,RECORD_DATE
1330763852571.4285,1326565008000,brush,244.00000000000313,56,1551102132118,RECORD_DATE
1330763852571.4285,1326565008000,brush,242.99999999999534,56,1551102132134,RECORD_DATE
1330718945142.8572,1326565008000,brush,242.99999999999534,56,1551102132151,RECORD_DATE
,,mouseout,,,1551102132167,RECORD_DATE
,,mouseover,,,1551102132167,RECORD_DATE
1330696491428.5715,1326565008000,brush,241.00000000000156,56,1551102132167,RECORD_DATE
1330629130285.7144,1326565008000,brush,240.00000000000466,56,1551102132184,RECORD_DATE
1330516861714.2856,1326565008000,brush,237.00000000000313,56,1551102132200,RECORD_DATE
1330359685714.2856,1326565008000,brush,231.99999999999687,56,1551102132217,RECORD_DATE
1330135148571.4285,1326565008000,brush,224.9999999999969,56,1551102132234,RECORD_DATE
1330067787428.5715,1326565008000,brush,214.99999999999534,56,1551102132251,RECORD_DATE
1330000426285.7144,1326565008000,brush,212.0000000000047,56,1551102132267,RECORD_DATE
1329955518857.1428,1326565008000,brush,209.0000000000031,56,1551102132284,RECORD_DATE
1329888157714.2856,1326565008000,brush,206.99999999999844,56,1551102132301,RECORD_DATE
1329820796571.4285,1326565008000,brush,203.9999999999969,56,1551102132317,RECORD_DATE
1329708528000,1326565008000,brush,200.99999999999534,56,1551102132334,RECORD_DATE
1329551352000,1326565008000,brush,196.00000000000003,56,1551102132351,RECORD_DATE
1329416629714.2856,1326565008000,brush,189,56,1551102132367,RECORD_DATE
1329237000000,1326565008000,brush,182.9999999999969,56,1551102132385,RECORD_DATE
1329079824000,1326565008000,brush,175,56,1551102132406,RECORD_DATE
1329034916571.4285,1326565008000,brush,168,56,1551102132426,RECORD_DATE
1328990009142.8572,1326565008000,brush,165.99999999999534,56,1551102132447,RECORD_DATE
1328922648000,1326565008000,brush,164.00000000000156,56,1551102132460,RECORD_DATE
1328832833142.8572,1326565008000,brush,161,56,1551102132476,RECORD_DATE
1328743018285.7144,1326565008000,brush,157.00000000000156,56,1551102132489,RECORD_DATE
1328653203428.5715,1326565008000,brush,153.0000000000031,56,1551102132506,RECORD_DATE
1328608296000,1326565008000,brush,149.00000000000466,56,1551102132520,RECORD_DATE
,,mouseout,,,1551102132535,RECORD_DATE
,,mouseover,,,1551102132535,RECORD_DATE
1328563388571.4285,1326565008000,brush,147,56,1551102132536,RECORD_DATE
1328540934857.1428,1326565008000,brush,144.99999999999534,56,1551102132551,RECORD_DATE
,,mouseout,,,1551102132567,RECORD_DATE
,,mouseover,,,1551102132567,RECORD_DATE
1328496027428.5715,1326565008000,brush,143.99999999999844,56,1551102132568,RECORD_DATE
1328428666285.7144,1326565008000,brush,142.00000000000466,56,1551102132586,RECORD_DATE
1328316397714.2856,1326565008000,brush,139.0000000000031,56,1551102132601,RECORD_DATE
1328136768000,1326565008000,brush,133.99999999999687,56,1551102132617,RECORD_DATE
,,mouseout,,,1551102132634,RECORD_DATE
,,mouseover,,,1551102132634,RECORD_DATE
1328091860571.4285,1326565008000,brush,126,56,1551102132635,RECORD_DATE
1328069406857.1428,1326565008000,brush,123.99999999999535,56,1551102132673,RECORD_DATE
1328069406857.1428,1326565008000,brush,122.99999999999844,56,1551102132685,RECORD_DATE
1328046953142.8572,1326565008000,brush,122.99999999999844,56,1551102132702,RECORD_DATE
1328046953142.8572,1326565008000,brush,122.00000000000156,56,1551102132718,RECORD_DATE
1328024499428.5715,1326565008000,brush,122.00000000000156,56,1551102132734,RECORD_DATE
,,mouseout,,,1551102132751,RECORD_DATE
,,mouseover,,,1551102132751,RECORD_DATE
1328002045714.2856,1326565008000,brush,121.00000000000466,56,1551102132751,RECORD_DATE
1327957138285.7144,1326565008000,brush,119.99999999999689,56,1551102132768,RECORD_DATE
1327867323428.5715,1326565008000,brush,118.00000000000311,56,1551102132784,RECORD_DATE
1327777508571.4285,1326565008000,brush,114.00000000000465,56,1551102132802,RECORD_DATE
1327642786285.7144,1326565008000,brush,109.99999999999534,56,1551102132819,RECORD_DATE
1327530517714.2856,1326565008000,brush,104.00000000000311,56,1551102132834,RECORD_DATE
1327373341714.2856,1326565008000,brush,98.99999999999689,56,1551102132850,RECORD_DATE
1327261073142.8572,1326565008000,brush,91.99999999999689,56,1551102132868,RECORD_DATE
1327171258285.7144,1326565008000,brush,87.00000000000156,56,1551102132885,RECORD_DATE
1327103897142.8572,1326565008000,brush,83.0000000000031,56,1551102132902,RECORD_DATE
1327036536000,1326565008000,brush,80.00000000000155,56,1551102132919,RECORD_DATE
1326969174857.1428,1326565008000,brush,77,56,1551102132934,RECORD_DATE
,,mouseout,,,1551102132951,RECORD_DATE
,,mouseover,,,1551102132951,RECORD_DATE
1326946721142.8572,1326565008000,brush,73.99999999999845,56,1551102132951,RECORD_DATE
1326901813714.2856,1326565008000,brush,73.00000000000155,56,1551102132967,RECORD_DATE
1326901813714.2856,1326565008000,brush,70.9999999999969,56,1551102132983,RECORD_DATE
,,mouseout,,,1551102133001,RECORD_DATE
,,mouseover,,,1551102133001,RECORD_DATE
1326856906285.7144,1326565008000,brush,70.9999999999969,56,1551102133001,RECORD_DATE
,,mouseout,,,1551102133018,RECORD_DATE
,,mouseover,,,1551102133018,RECORD_DATE
1326789545142.8572,1326565008000,brush,69.00000000000311,56,1551102133018,RECORD_DATE
,,mouseout,,,1551102133034,RECORD_DATE
,,mouseover,,,1551102133034,RECORD_DATE
1326654822857.1428,1326565008000,brush,66.00000000000155,56,1551102133035,RECORD_DATE
,,mouseout,,,1551102133050,RECORD_DATE
,,mouseover,,,1551102133050,RECORD_DATE
1326452739428.5715,1326565008000,brush,59.999999999998444,56,1551102133051,RECORD_DATE
1326250656000,1326565008000,brush,51.00000000000466,56,1551102133068,RECORD_DATE
1326115933714.2856,1326565008000,brush,42,56,1551102133084,RECORD_DATE
,,mouseout,,,1551102133100,RECORD_DATE
,,mouseover,,,1551102133100,RECORD_DATE
1326048572571.4285,1326565008000,brush,35.999999999996895,56,1551102133101,RECORD_DATE
,,mouseout,,,1551102133117,RECORD_DATE
,,mouseover,,,1551102133117,RECORD_DATE
1326026118857.1428,1326565008000,brush,32.99999999999534,56,1551102133117,RECORD_DATE
1326003665142.8572,1326565008000,brush,31.999999999998444,56,1551102133134,RECORD_DATE
1326003665142.8572,1326565008000,brush,31.000000000001553,56,1551102133151,RECORD_DATE
,,mouseout,,,1551102133167,RECORD_DATE
,,mouseover,,,1551102133167,RECORD_DATE
1325981211428.5715,1326565008000,brush,31.000000000001553,56,1551102133167,RECORD_DATE
,,mouseout,,,1551102133184,RECORD_DATE
,,mouseover,,,1551102133184,RECORD_DATE
1325936304000,1326565008000,brush,30.000000000004658,56,1551102133184,RECORD_DATE
1325936304000,1326565008000,brush,28,56,1551102133497,RECORD_DATE
1325913850285.7144,1326565008000,brush,28,56,1551102133610,RECORD_DATE
1325936304000,1326565008000,brush,27.00000000000311,56,1551102133624,RECORD_DATE
1325958757714.2856,1326565008000,brush,28,56,1551102133684,RECORD_DATE
1325958757714.2856,1326565008000,brush,28.999999999996895,56,1551102133701,RECORD_DATE
1325981211428.5715,1326565008000,brush,28.999999999996895,56,1551102133717,RECORD_DATE
1325981211428.5715,1326565008000,brush,30.000000000004658,56,1551102133857,RECORD_DATE
1326003665142.8572,1326565008000,brush,30.000000000004658,56,1551102133871,RECORD_DATE
1326026118857.1428,1326565008000,brush,31.000000000001553,56,1551102133887,RECORD_DATE
1326071026285.7144,1326565008000,brush,31.999999999998444,56,1551102133900,RECORD_DATE
1326093480000,1326565008000,brush,34.000000000003105,56,1551102133919,RECORD_DATE
1326093480000,1326565008000,brush,35,56,1551102133950,RECORD_DATE
1326093480000,1326565008000,brush,35,56,1551102133968,RECORD_DATE
1326160841142.8572,1326565008000,brush,35,56,1551102133984,RECORD_DATE
1326183294857.1428,1326565008000,brush,38.000000000001556,56,1551102134000,RECORD_DATE
1326205748571.4285,1326565008000,brush,38.999999999998444,56,1551102134225,RECORD_DATE
1326205748571.4285,1326565008000,brush,39.99999999999534,56,1551102134238,RECORD_DATE
1326228202285.7144,1326565008000,brush,39.99999999999534,56,1551102134268,RECORD_DATE
,,mouseout,,,1551102134283,RECORD_DATE
,,mouseover,,,1551102134283,RECORD_DATE
1326273109714.2856,1326565008000,brush,41.000000000003105,56,1551102134284,RECORD_DATE
1326340470857.1428,1326565008000,brush,42.999999999996895,56,1551102134301,RECORD_DATE
,,mouseout,,,1551102134317,RECORD_DATE
,,mouseover,,,1551102134317,RECORD_DATE
1326407832000,1326565008000,brush,45.999999999998444,56,1551102134317,RECORD_DATE
,,mouseout,,,1551102134334,RECORD_DATE
,,mouseover,,,1551102134334,RECORD_DATE
1326520100571.4285,1326565008000,brush,49.00000000000001,56,1551102134334,RECORD_DATE
,,mouseout,,,1551102134350,RECORD_DATE
,,mouseover,,,1551102134350,RECORD_DATE
1326699730285.7144,1326565008000,brush,53.999999999995346,56,1551102134351,RECORD_DATE
1326856906285.7144,1326565008000,brush,62.000000000003105,56,1551102134368,RECORD_DATE
1327058989714.2856,1326565008000,brush,69.00000000000311,56,1551102134384,RECORD_DATE
1327328434285.7144,1326565008000,brush,77.99999999999689,56,1551102134400,RECORD_DATE
1327642786285.7144,1326565008000,brush,90.0000000000031,56,1551102134418,RECORD_DATE
1328024499428.5715,1326565008000,brush,104.00000000000311,56,1551102134435,RECORD_DATE
1328181675428.5715,1326565008000,brush,121.00000000000466,56,1551102134451,RECORD_DATE
,,mouseout,,,1551102134468,RECORD_DATE
,,mouseover,,,1551102134468,RECORD_DATE
1328249036571.4285,1326565008000,brush,128.00000000000466,56,1551102134469,RECORD_DATE
1328316397714.2856,1326565008000,brush,130.99999999999534,56,1551102134484,RECORD_DATE
1328383758857.1428,1326565008000,brush,133.99999999999687,56,1551102134501,RECORD_DATE
1328451120000,1326565008000,brush,136.99999999999847,56,1551102134517,RECORD_DATE
,,mouseout,,,1551102134551,RECORD_DATE
,,mouseover,,,1551102134551,RECORD_DATE
1328473573714.2856,1326565008000,brush,140,56,1551102134551,RECORD_DATE
1328473573714.2856,1326565008000,brush,140.9999999999969,56,1551102134567,RECORD_DATE
,,mouseout,,,1551102134584,RECORD_DATE
,,mouseover,,,1551102134584,RECORD_DATE
1328518481142.8572,1326565008000,brush,140.9999999999969,56,1551102134584,RECORD_DATE
,,mouseout,,,1551102134601,RECORD_DATE
,,mouseover,,,1551102134601,RECORD_DATE
1328585842285.7144,1326565008000,brush,143.00000000000156,56,1551102134601,RECORD_DATE
,,mouseout,,,1551102134617,RECORD_DATE
,,mouseover,,,1551102134617,RECORD_DATE
1328698110857.1428,1326565008000,brush,146.0000000000031,56,1551102134617,RECORD_DATE
,,mouseout,,,1551102134634,RECORD_DATE
,,mouseover,,,1551102134634,RECORD_DATE
1328743018285.7144,1326565008000,brush,150.99999999999844,56,1551102134634,RECORD_DATE
1328765472000,1326565008000,brush,153.0000000000031,56,1551102134651,RECORD_DATE
1328765472000,1326565008000,brush,154,56,1551102134697,RECORD_DATE
1328810379428.5715,1326565008000,brush,154,56,1551102134706,RECORD_DATE
1328855286857.1428,1326565008000,brush,156.00000000000466,56,1551102134720,RECORD_DATE
,,mouseout,,,1551102134734,RECORD_DATE
,,mouseover,,,1551102134734,RECORD_DATE
1328900194285.7144,1326565008000,brush,157.99999999999847,56,1551102134734,RECORD_DATE
,,mouseout,,,1551102134751,RECORD_DATE
,,mouseover,,,1551102134751,RECORD_DATE
1329012462857.1428,1326565008000,brush,160.0000000000031,56,1551102134751,RECORD_DATE
,,mouseout,,,1551102134768,RECORD_DATE
,,mouseover,,,1551102134768,RECORD_DATE
1329102277714.2856,1326565008000,brush,164.99999999999844,56,1551102134768,RECORD_DATE
1329169638857.1428,1326565008000,brush,168.9999999999969,56,1551102134784,RECORD_DATE
1329237000000,1326565008000,brush,171.99999999999844,56,1551102134801,RECORD_DATE
,,mouseout,,,1551102134816,RECORD_DATE
,,mouseover,,,1551102134816,RECORD_DATE
1329259453714.2856,1326565008000,brush,175,56,1551102134817,RECORD_DATE
1329281907428.5715,1326565008000,brush,175.9999999999969,56,1551102134833,RECORD_DATE
1329304361142.8572,1326565008000,brush,177.00000000000466,56,1551102134985,RECORD_DATE
1329304361142.8572,1326565008000,brush,178.00000000000156,56,1551102135000,RECORD_DATE
,,mouseout,,,1551102135017,RECORD_DATE
,,mouseover,,,1551102135017,RECORD_DATE
1329349268571.4285,1326565008000,brush,178.00000000000156,56,1551102135017,RECORD_DATE
1329483990857.1428,1326565008000,brush,179.99999999999537,56,1551102135034,RECORD_DATE
1329753435428.5715,1326565008000,brush,185.99999999999847,56,1551102135051,RECORD_DATE
1330157602285.7144,1326565008000,brush,198.00000000000466,56,1551102135067,RECORD_DATE
1330561769142.8572,1326565008000,brush,216.0000000000031,56,1551102135084,RECORD_DATE
1330808760000,1326565008000,brush,234.00000000000156,56,1551102135100,RECORD_DATE
,,mouseout,,,1551102135117,RECORD_DATE
,,mouseover,,,1551102135117,RECORD_DATE
1330898574857.1428,1326565008000,brush,244.99999999999997,56,1551102135118,RECORD_DATE
,,mouseout,,,1551102135134,RECORD_DATE
,,mouseover,,,1551102135134,RECORD_DATE
1330921028571.4285,1326565008000,brush,248.99999999999844,56,1551102135134,RECORD_DATE
,,mouseout,,,1551102135151,RECORD_DATE
,,mouseover,,,1551102135151,RECORD_DATE
1330965936000,1326565008000,brush,249.99999999999534,56,1551102135151,RECORD_DATE
1331010843428.5715,1326565008000,brush,252,56,1551102135168,RECORD_DATE
1331078204571.4285,1326565008000,brush,254.0000000000047,56,1551102135186,RECORD_DATE
1331145565714.2856,1326565008000,brush,256.99999999999534,56,1551102135200,RECORD_DATE
,,mouseout,,,1551102135248,RECORD_DATE
,,mouseover,,,1551102135248,RECORD_DATE
1331190473142.8572,1326565008000,brush,259.9999999999969,56,1551102135249,RECORD_DATE
1331190473142.8572,1326565008000,brush,262.00000000000153,56,1551102135260,RECORD_DATE
1331212926857.1428,1326565008000,brush,262.00000000000153,56,1551102135268,RECORD_DATE
,,mouseout,,,1551102135287,RECORD_DATE
,,mouseover,,,1551102135287,RECORD_DATE
1331235380571.4285,1326565008000,brush,262.99999999999847,56,1551102135288,RECORD_DATE
1331302741714.2856,1326565008000,brush,263.99999999999534,56,1551102135306,RECORD_DATE
,,mouseout,,,1551102135325,RECORD_DATE
,,mouseover,,,1551102135325,RECORD_DATE
1331347649142.8572,1326565008000,brush,266.99999999999693,56,1551102135326,RECORD_DATE
1331347649142.8572,1326565008000,brush,269.00000000000153,56,1551102135457,RECORD_DATE
1331370102857.1428,1326565008000,brush,269.00000000000153,56,1551102135468,RECORD_DATE
1331370102857.1428,1326565008000,brush,269.99999999999847,56,1551102135484,RECORD_DATE
1331392556571.4285,1326565008000,brush,269.99999999999847,56,1551102135501,RECORD_DATE
1331392556571.4285,1326565008000,brush,270.99999999999534,56,1551102135544,RECORD_DATE
1331392556571.4285,1326565008000,brush,270.99999999999534,56,1551102135554,RECORD_DATE
,,mouseout,,,1551102135568,RECORD_DATE
,,mouseover,,,1551102135568,RECORD_DATE
1331437464000,1326565008000,brush,270.99999999999534,56,1551102135568,RECORD_DATE
,,mouseout,,,1551102135584,RECORD_DATE
,,mouseover,,,1551102135584,RECORD_DATE
1331527278857.1428,1326565008000,brush,273,56,1551102135584,RECORD_DATE
,,mouseout,,,1551102135600,RECORD_DATE
,,mouseover,,,1551102135600,RECORD_DATE
1331617093714.2856,1326565008000,brush,276.99999999999847,56,1551102135600,RECORD_DATE
,,mouseout,,,1551102135617,RECORD_DATE
,,mouseover,,,1551102135617,RECORD_DATE
1331662001142.8572,1326565008000,brush,280.9999999999969,56,1551102135617,RECORD_DATE
1331684454857.1428,1326565008000,brush,283.0000000000016,56,1551102135634,RECORD_DATE
1331684454857.1428,1326565008000,brush,283.9999999999984,56,1551102135650,RECORD_DATE
,,mouseout,,,1551102135668,RECORD_DATE
,,mouseover,,,1551102135668,RECORD_DATE
1331706908571.4285,1326565008000,brush,283.9999999999984,56,1551102135668,RECORD_DATE
1331774269714.2856,1326565008000,brush,284.99999999999534,56,1551102135684,RECORD_DATE
,,mouseout,,,1551102135700,RECORD_DATE
,,mouseover,,,1551102135700,RECORD_DATE
1331796723428.5715,1326565008000,brush,287.9999999999969,56,1551102135700,RECORD_DATE
1331796723428.5715,1326565008000,brush,289.00000000000466,56,1551102135717,RECORD_DATE
1331796723428.5715,1326565008000,brushEnd,289.00000000000466,56,1551102135968,RECORD_DATE
,,mouseout,,,1551102136167,RECORD_DATE
,,mouseover,,,1551102136167,RECORD_DATE
,,mouseout,,,1551102136200,RECORD_DATE
,,mouseover,,,1551102136200,ELEVATION
,,mouseout,,,1551102136499,ELEVATION
,,mouseover,,,1551102136499,RECORD_DATE
,,mouseout,,,1551102136499,RECORD_DATE
,,mouseover,,,1551102136499,RECORD_DATE
,,mouseout,,,1551102136517,RECORD_DATE
,,mouseover,,,1551102136517,RECORD_DATE
,,down,,,1551102136932,
1331662001142.8572,1326430285714.2856,brush,289.00000000000466,56,1551102137051,RECORD_DATE
1331459917714.286,1326228202285.7144,brush,283.0000000000016,49.99999999999689,1551102137067,RECORD_DATE
1331190473142.8572,1325958757714.2856,brush,274.00000000000773,41.000000000003105,1551102137084,RECORD_DATE
1330853667428.5715,1325621952000,brush,262.00000000000153,28.999999999996895,1551102137100,RECORD_DATE
1330539315428.5715,1325307600000,brush,247.00000000000466,14,1551102137117,RECORD_DATE
1330539315428.5715,1325307600000,brush,233.00000000000466,0,1551102137133,RECORD_DATE
1330539315428.5715,1325307600000,brush,233.00000000000466,0,1551102137150,RECORD_DATE
1330539315428.5715,1325307600000,brush,233.00000000000466,0,1551102137234,RECORD_DATE
1330539315428.5715,1325307600000,brush,233.00000000000466,0,1551102137250,RECORD_DATE
1330539315428.5715,1325307600000,brush,233.00000000000466,0,1551102137267,RECORD_DATE
1330539315428.5715,1325307600000,brush,233.00000000000466,0,1551102137284,RECORD_DATE
1330539315428.5715,1325307600000,brush,233.00000000000466,0,1551102137300,RECORD_DATE
1330539315428.5715,1325307600000,brush,233.00000000000466,0,1551102137318,RECORD_DATE
1330539315428.5715,1325307600000,brush,233.00000000000466,0,1551102137465,RECORD_DATE
1330539315428.5715,1325307600000,brush,233.00000000000466,0,1551102137484,RECORD_DATE
1330539315428.5715,1325307600000,brush,233.00000000000466,0,1551102137501,RECORD_DATE
1330539315428.5715,1325307600000,brush,233.00000000000466,0,1551102137517,RECORD_DATE
1330539315428.5715,1325307600000,brush,233.00000000000466,0,1551102137534,RECORD_DATE
1330651584000.0002,1325419868571.4287,brush,233.00000000000466,0,1551102137551,RECORD_DATE
1330763852571.4287,1325532137142.8572,brush,238.00000000001086,5.000000000006214,1551102137567,RECORD_DATE
1330898574857.143,1325666859428.5715,brush,243.00000000000622,10.000000000001553,1551102137584,RECORD_DATE
1331212926857.143,1325981211428.5715,brush,249.00000000000932,16.00000000000466,1551102137601,RECORD_DATE
1331415010285.7144,1326183294857.1428,brush,263.0000000000093,30.000000000004658,1551102137617,RECORD_DATE
1331594640000.0002,1326362924571.4287,brush,272.0000000000031,38.999999999998444,1551102137633,RECORD_DATE
1331729362285.7144,1326497646857.1428,brush,280.00000000001086,47.00000000000622,1551102137650,RECORD_DATE
1331819177142.8572,1326587461714.2856,brush,286.0000000000031,52.99999999999845,1551102137667,RECORD_DATE
1331908992000.0002,1326677276571.4287,brush,290.00000000000153,56.999999999996895,1551102137683,RECORD_DATE
1332043714285.7144,1326811998857.1428,brush,294.00000000001086,61.00000000000621,1551102137701,RECORD_DATE
1332200890285.7144,1326969174857.1428,brush,300.00000000000307,66.99999999999844,1551102137717,RECORD_DATE
1332380520000.0002,1327148804571.4287,brush,307.0000000000031,73.99999999999845,1551102137734,RECORD_DATE
1332560149714.286,1327328434285.7144,brush,315.0000000000109,82.00000000000621,1551102137750,RECORD_DATE
1332694872000.0002,1327463156571.4287,brush,323.00000000000773,90.0000000000031,1551102137768,RECORD_DATE
1332807140571.4287,1327575425142.8572,brush,329.00000000001086,96.00000000000622,1551102137784,RECORD_DATE
1332941862857.143,1327710147428.5715,brush,334.0000000000062,101.00000000000156,1551102137801,RECORD_DATE
1333009224000.0002,1327777508571.4287,brush,340.0000000000093,107.00000000000466,1551102137817,RECORD_DATE
1333121492571.4287,1327889777142.8572,brush,343.00000000001086,110.00000000000621,1551102137834,RECORD_DATE
1333166400000,1327934684571.4285,brush,348.00000000000625,115.00000000000155,1551102137851,RECORD_DATE
1333166400000,1327934684571.4285,brush,350,116.99999999999534,1551102137867,RECORD_DATE
1333166400000,1327934684571.4285,brush,350,116.99999999999534,1551102137884,RECORD_DATE
1333166400000,1327934684571.4285,brush,350,116.99999999999534,1551102137901,RECORD_DATE
1333166400000,1327934684571.4285,brush,350,116.99999999999534,1551102137917,RECORD_DATE
1333166400000,1327934684571.4285,brush,350,116.99999999999534,1551102137951,RECORD_DATE
1333166400000,1327934684571.4285,brush,350,116.99999999999534,1551102137967,RECORD_DATE
1333166400000,1327934684571.4285,brush,350,116.99999999999534,1551102137983,RECORD_DATE
1333166400000,1327934684571.4285,brush,350,116.99999999999534,1551102138000,RECORD_DATE
1333166400000,1327934684571.4285,brush,350,116.99999999999534,1551102138017,RECORD_DATE
1333166400000,1327934684571.4285,brush,350,116.99999999999534,1551102138034,RECORD_DATE
1333166400000,1327934684571.4285,brush,350,116.99999999999534,1551102138318,RECORD_DATE
1333166400000,1327934684571.4285,brush,350,116.99999999999534,1551102138334,RECORD_DATE
1333166400000,1327934684571.4285,brush,350,116.99999999999534,1551102138351,RECORD_DATE
1333166400000,1327934684571.4285,brush,350,116.99999999999534,1551102138368,RECORD_DATE
1333166400000,1327934684571.4285,brush,350,116.99999999999534,1551102138384,RECORD_DATE
1333031677714.286,1327799962285.7144,brush,350,116.99999999999534,1551102138400,RECORD_DATE
1332694872000.0002,1327463156571.4287,brush,344.0000000000078,111.0000000000031,1551102138417,RECORD_DATE
1332425427428.5715,1327193712000,brush,329.00000000001086,96.00000000000622,1551102138434,RECORD_DATE
1332178436571.4287,1326946721142.8572,brush,317.00000000000466,84,1551102138450,RECORD_DATE
1331931445714.286,1326699730285.7144,brush,306.0000000000062,73.00000000000155,1551102138467,RECORD_DATE
1331796723428.5715,1326565008000,brush,295.0000000000078,62.000000000003105,1551102138484,RECORD_DATE
1331662001142.8572,1326430285714.2856,brush,289.00000000000466,56,1551102138500,RECORD_DATE
1331572186285.7144,1326340470857.1428,brush,283.0000000000016,49.99999999999689,1551102138517,RECORD_DATE
1331482371428.5715,1326250656000,brush,279.0000000000031,45.999999999998444,1551102138533,RECORD_DATE
1331392556571.4287,1326160841142.8572,brush,275.00000000000466,42,1551102138550,RECORD_DATE
1331190473142.8572,1325958757714.2856,brush,271.0000000000062,38.000000000001556,1551102138568,RECORD_DATE
1331123112000.0002,1325891396571.4287,brush,262.00000000000153,28.999999999996895,1551102138584,RECORD_DATE
1330853667428.5715,1325621952000,brush,259.00000000001086,26.000000000006214,1551102138600,RECORD_DATE
1330696491428.5715,1325464776000,brush,247.00000000000466,14,1551102138617,RECORD_DATE
1330561769142.8572,1325330053714.2856,brush,240.00000000000466,7,1551102138634,RECORD_DATE
1330539315428.5715,1325307600000,brush,234.00000000000156,0.9999999999968934,1551102138650,RECORD_DATE
1330539315428.5715,1325307600000,brush,233.00000000000466,0,1551102138668,RECORD_DATE
1330539315428.5715,1325307600000,brush,233.00000000000466,0,1551102138800,RECORD_DATE
1331078204571.4287,1325846489142.8572,brush,233.00000000000466,0,1551102138816,RECORD_DATE
1331527278857.143,1326295563428.5715,brush,257.00000000000625,24.000000000001556,1551102138833,RECORD_DATE
1332021260571.4287,1326789545142.8572,brush,277.0000000000093,44.000000000004654,1551102138851,RECORD_DATE
1332380520000.0002,1327148804571.4287,brush,299.00000000000625,66.00000000000155,1551102138866,RECORD_DATE
1332582603428.5715,1327350888000,brush,315.0000000000109,82.00000000000621,1551102138883,RECORD_DATE
1332762233142.8572,1327530517714.2856,brush,324.00000000000466,91,1551102138900,RECORD_DATE
1332874501714.286,1327642786285.7144,brush,332.0000000000016,98.99999999999689,1551102138917,RECORD_DATE
1333031677714.286,1327799962285.7144,brush,337.0000000000078,104.00000000000311,1551102138934,RECORD_DATE
1333166400000,1327934684571.4285,brush,344.0000000000078,111.0000000000031,1551102138950,RECORD_DATE
1333166400000,1327934684571.4285,brush,350,116.99999999999534,1551102138970,RECORD_DATE
1333166400000,1327934684571.4285,brush,350,116.99999999999534,1551102138983,RECORD_DATE
1333166400000,1327934684571.4285,brush,350,116.99999999999534,1551102139000,RECORD_DATE
1333166400000,1327934684571.4285,brush,350,116.99999999999534,1551102139016,RECORD_DATE
1333166400000,1327934684571.4285,brush,350,116.99999999999534,1551102139034,RECORD_DATE
1333166400000,1327934684571.4285,brush,350,116.99999999999534,1551102139145,RECORD_DATE
1333166400000,1327934684571.4285,brush,350,116.99999999999534,1551102139154,RECORD_DATE
1333166400000,1327934684571.4285,brush,350,116.99999999999534,1551102139168,RECORD_DATE
1332672418285.7144,1327440702857.1428,brush,350,116.99999999999534,1551102139184,RECORD_DATE
1330921028571.4287,1325689313142.8572,brush,328.0000000000031,94.99999999999844,1551102139201,RECORD_DATE
1330539315428.5715,1325307600000,brush,250.00000000000622,17.000000000001553,1551102139217,RECORD_DATE
1330539315428.5715,1325307600000,brush,233.00000000000466,0,1551102139233,RECORD_DATE
1330539315428.5715,1325307600000,brush,233.00000000000466,0,1551102139251,RECORD_DATE
1330539315428.5715,1325307600000,brush,233.00000000000466,0,1551102139300,RECORD_DATE
1330539315428.5715,1325307600000,brush,233.00000000000466,0,1551102139317,RECORD_DATE
1330539315428.5715,1325307600000,brush,233.00000000000466,0,1551102139334,RECORD_DATE
1330539315428.5715,1325307600000,brush,233.00000000000466,0,1551102139351,RECORD_DATE
1330539315428.5715,1325307600000,brush,233.00000000000466,0,1551102139367,RECORD_DATE
1330629130285.7144,1325397414857.1428,brush,233.00000000000466,0,1551102139383,RECORD_DATE
1331415010285.7144,1326183294857.1428,brush,237.00000000000313,3.999999999998447,1551102139400,RECORD_DATE
1331796723428.5715,1326565008000,brush,272.0000000000031,38.999999999998444,1551102139417,RECORD_DATE
1332043714285.7144,1326811998857.1428,brush,289.00000000000466,56,1551102139434,RECORD_DATE
1332245797714.286,1327014082285.7144,brush,300.00000000000307,66.99999999999844,1551102139450,RECORD_DATE
1332380520000.0002,1327148804571.4287,brush,309.0000000000078,76.00000000000311,1551102139466,RECORD_DATE
1332425427428.5715,1327193712000,brush,315.0000000000109,82.00000000000621,1551102139484,RECORD_DATE
1332335612571.4287,1327103897142.8572,brush,317.00000000000466,84,1551102139550,RECORD_DATE
1331998806857.143,1326767091428.5715,brush,313.0000000000062,80.00000000000155,1551102139567,RECORD_DATE
1331190473142.8572,1325958757714.2856,brush,298.0000000000093,65.00000000000466,1551102139584,RECORD_DATE
1330539315428.5715,1325307600000,brush,262.00000000000153,28.999999999996895,1551102139600,RECORD_DATE
1330539315428.5715,1325307600000,brush,233.00000000000466,0,1551102139617,RECORD_DATE
1330539315428.5715,1325307600000,brush,233.00000000000466,0,1551102139633,RECORD_DATE
1330539315428.5715,1325307600000,brush,233.00000000000466,0,1551102139650,RECORD_DATE
1330539315428.5715,1325307600000,brush,233.00000000000466,0,1551102139700,RECORD_DATE
1330539315428.5715,1325307600000,brush,233.00000000000466,0,1551102139717,RECORD_DATE
1330539315428.5715,1325307600000,brush,233.00000000000466,0,1551102139734,RECORD_DATE
1330539315428.5715,1325307600000,brush,233.00000000000466,0,1551102139750,RECORD_DATE
1331662001142.8572,1326430285714.2856,brush,233.00000000000466,0,1551102139768,RECORD_DATE
1332358066285.7144,1327126350857.1428,brush,283.0000000000016,49.99999999999689,1551102139783,RECORD_DATE
1332492788571.4287,1327261073142.8572,brush,314.0000000000031,80.99999999999845,1551102139800,RECORD_DATE
1332425427428.5715,1327193712000,brush,320.0000000000062,87.00000000000156,1551102139835,RECORD_DATE
1332021260571.4287,1326789545142.8572,brush,317.00000000000466,84,1551102139850,RECORD_DATE
1331280288000.0002,1326048572571.4287,brush,299.00000000000625,66.00000000000155,1551102139867,RECORD_DATE
1330539315428.5715,1325307600000,brush,266.00000000001086,33.00000000000622,1551102139883,RECORD_DATE
1330539315428.5715,1325307600000,brush,233.00000000000466,0,1551102139899,RECORD_DATE
1330539315428.5715,1325307600000,brush,233.00000000000466,0,1551102139918,RECORD_DATE
1330539315428.5715,1325307600000,brush,233.00000000000466,0,1551102139934,RECORD_DATE
1330539315428.5715,1325307600000,brush,233.00000000000466,0,1551102139960,RECORD_DATE
1330539315428.5715,1325307600000,brush,233.00000000000466,0,1551102139970,RECORD_DATE
1330539315428.5715,1325307600000,brush,233.00000000000466,0,1551102139985,RECORD_DATE
1330539315428.5715,1325307600000,brush,233.00000000000466,0,1551102140000,RECORD_DATE
1331190473142.8572,1325958757714.2856,brush,233.00000000000466,0,1551102140017,RECORD_DATE
1332021260571.4287,1326789545142.8572,brush,262.00000000000153,28.999999999996895,1551102140033,RECORD_DATE
1332492788571.4287,1327261073142.8572,brush,299.00000000000625,66.00000000000155,1551102140051,RECORD_DATE
1332605057142.8572,1327373341714.2856,brush,320.0000000000062,87.00000000000156,1551102140067,RECORD_DATE
1332582603428.5715,1327350888000,brush,325.0000000000016,91.99999999999689,1551102140100,RECORD_DATE
1332425427428.5715,1327193712000,brush,324.00000000000466,91,1551102140117,RECORD_DATE
1332178436571.4287,1326946721142.8572,brush,317.00000000000466,84,1551102140133,RECORD_DATE
1331998806857.143,1326767091428.5715,brush,306.0000000000062,73.00000000000155,1551102140150,RECORD_DATE
1331864084571.4287,1326632369142.8572,brush,298.0000000000093,65.00000000000466,1551102140166,RECORD_DATE
1331841630857.143,1326609915428.5715,brush,292.0000000000062,59.000000000001556,1551102140183,RECORD_DATE
,,mouseout,,,1551102140383,RECORD_DATE
,,mouseover,,,1551102140383,RECORD_DATE
,,mouseout,,,1551102140400,RECORD_DATE
,,mouseover,,,1551102140400,ELEVATION
,,mouseout,,,1551102140567,ELEVATION
,,mouseover,,,1551102140567,ELEVATION
,,down,,,1551102140821,
,,brushStart,,,1551102140821,ELEVATION
165.71428571428567,165.71428571428567,brush,,,1551102140913,ELEVATION
184,165.71428571428567,brush,,,1551102140934,ELEVATION
238.85714285714283,165.71428571428567,brush,42,39.99999999999999,1551102140950,ELEVATION
376,165.71428571428567,brush,47.99999999999999,39.99999999999999,1551102140967,ELEVATION
540.5714285714286,165.71428571428567,brush,63,39.99999999999999,1551102140984,ELEVATION
741.7142857142857,165.71428571428567,brush,81,39.99999999999999,1551102141001,ELEVATION
942.8571428571429,165.71428571428567,brush,102.99999999999999,39.99999999999999,1551102141017,ELEVATION
1016,165.71428571428567,brush,125,39.99999999999999,1551102141034,ELEVATION
1061.7142857142856,165.71428571428567,brush,133,39.99999999999999,1551102141051,ELEVATION
1089.142857142857,165.71428571428567,brush,137.99999999999997,39.99999999999999,1551102141067,ELEVATION
,,mouseout,,,1551102141084,ELEVATION
,,mouseover,,,1551102141084,ELEVATION
1107.4285714285713,165.71428571428567,brush,141,39.99999999999999,1551102141084,ELEVATION
,,mouseout,,,1551102141101,ELEVATION
,,mouseover,,,1551102141101,ELEVATION
1116.5714285714284,165.71428571428567,brush,142.99999999999997,39.99999999999999,1551102141101,ELEVATION
1153.142857142857,165.71428571428567,brush,143.99999999999997,39.99999999999999,1551102141117,ELEVATION
1217.142857142857,165.71428571428567,brush,148,39.99999999999999,1551102141134,ELEVATION
1336,165.71428571428567,brush,155,39.99999999999999,1551102141151,ELEVATION
1454.8571428571427,165.71428571428567,brush,168,39.99999999999999,1551102141167,ELEVATION
1601.142857142857,165.71428571428567,brush,181,39.99999999999999,1551102141184,ELEVATION
1774.8571428571427,165.71428571428567,brush,197,39.99999999999999,1551102141200,ELEVATION
1829.7142857142856,165.71428571428567,brush,216,39.99999999999999,1551102141217,ELEVATION
1848,165.71428571428567,brush,221.99999999999997,39.99999999999999,1551102141234,ELEVATION
1875.428571428571,165.71428571428567,brush,224,39.99999999999999,1551102141251,ELEVATION
1921.1428571428569,165.71428571428567,brush,226.99999999999997,39.99999999999999,1551102141268,ELEVATION
1994.2857142857142,165.71428571428567,brush,231.99999999999997,39.99999999999999,1551102141284,ELEVATION
2049.142857142857,165.71428571428567,brush,240,39.99999999999999,1551102141300,ELEVATION
2094.8571428571427,165.71428571428567,brush,245.99999999999997,39.99999999999999,1551102141317,ELEVATION
2113.142857142857,165.71428571428567,brush,250.99999999999997,39.99999999999999,1551102141334,ELEVATION
,,mouseout,,,1551102141350,ELEVATION
,,mouseover,,,1551102141351,ELEVATION
2131.428571428571,165.71428571428567,brush,252.99999999999997,39.99999999999999,1551102141351,ELEVATION
2140.5714285714284,165.71428571428567,brush,254.99999999999994,39.99999999999999,1551102141384,ELEVATION
,,mouseout,,,1551102141400,ELEVATION
,,mouseover,,,1551102141400,ELEVATION
2140.5714285714284,165.71428571428567,brush,256,39.99999999999999,1551102141400,ELEVATION
2195.428571428571,165.71428571428567,brush,256,39.99999999999999,1551102141418,ELEVATION
2277.714285714286,165.71428571428567,brush,261.99999999999994,39.99999999999999,1551102141433,ELEVATION
2378.285714285714,165.71428571428567,brush,271,39.99999999999999,1551102141450,ELEVATION
2442.285714285714,165.71428571428567,brush,282,39.99999999999999,1551102141467,ELEVATION
,,mouseout,,,1551102141484,ELEVATION
,,mouseover,,,1551102141484,ELEVATION
2460.5714285714284,165.71428571428567,brush,289,39.99999999999999,1551102141484,ELEVATION
2469.714285714286,165.71428571428567,brush,291,39.99999999999999,1551102141625,ELEVATION
2478.8571428571427,165.71428571428567,brush,292,39.99999999999999,1551102141745,ELEVATION
2469.714285714286,165.71428571428567,brush,293,39.99999999999999,1551102141767,ELEVATION
,,mouseout,,,1551102141783,ELEVATION
,,mouseover,,,1551102141783,ELEVATION
2460.5714285714284,165.71428571428567,brush,292,39.99999999999999,1551102141783,ELEVATION
2424,165.71428571428567,brush,291,39.99999999999999,1551102141800,ELEVATION
2241.142857142857,165.71428571428567,brush,287,39.99999999999999,1551102141817,ELEVATION
2049.142857142857,165.71428571428567,brush,267,39.99999999999999,1551102141833,ELEVATION
1866.2857142857142,165.71428571428567,brush,245.99999999999997,39.99999999999999,1551102141851,ELEVATION
1701.7142857142856,165.71428571428567,brush,226,39.99999999999999,1551102141867,ELEVATION
1555.4285714285713,165.71428571428567,brush,207.99999999999997,39.99999999999999,1551102141884,ELEVATION
1445.7142857142856,165.71428571428567,brush,191.99999999999997,39.99999999999999,1551102141900,ELEVATION
1326.8571428571427,165.71428571428567,brush,179.99999999999997,39.99999999999999,1551102141917,ELEVATION
1226.2857142857142,165.71428571428567,brush,166.99999999999997,39.99999999999999,1551102141934,ELEVATION
1134.857142857143,165.71428571428567,brush,156,39.99999999999999,1551102141950,ELEVATION
1061.7142857142856,165.71428571428567,brush,146,39.99999999999999,1551102141968,ELEVATION
997.7142857142856,165.71428571428567,brush,137.99999999999997,39.99999999999999,1551102141984,ELEVATION
924.5714285714284,165.71428571428567,brush,130.99999999999997,39.99999999999999,1551102142001,ELEVATION
778.2857142857142,165.71428571428567,brush,122.99999999999999,39.99999999999999,1551102142019,ELEVATION
659.4285714285713,165.71428571428567,brush,107,39.99999999999999,1551102142034,ELEVATION
549.7142857142857,165.71428571428567,brush,93.99999999999999,39.99999999999999,1551102142050,ELEVATION
458.2857142857142,165.71428571428567,brush,81.99999999999999,39.99999999999999,1551102142067,ELEVATION
376,165.71428571428567,brush,71.99999999999999,39.99999999999999,1551102142084,ELEVATION
,,mouseout,,,1551102142101,ELEVATION
,,mouseover,,,1551102142101,ELEVATION
284.57142857142856,165.71428571428567,brush,63,39.99999999999999,1551102142101,ELEVATION
,,mouseout,,,1551102142117,ELEVATION
,,mouseover,,,1551102142117,ELEVATION
193.1428571428571,165.71428571428567,brush,52.99999999999999,39.99999999999999,1551102142118,ELEVATION
120,165.71428571428567,brush,42.99999999999999,39.99999999999999,1551102142134,ELEVATION
65.14285714285711,165.71428571428567,brush,35,39.99999999999999,1551102142150,ELEVATION
19.428571428571416,165.71428571428567,brush,28.999999999999996,39.99999999999999,1551102142168,ELEVATION
,,mouseout,,,1551102142184,ELEVATION
,,mouseover,,,1551102142184,ELEVATION
10.285714285714278,165.71428571428567,brush,23.999999999999996,39.99999999999999,1551102142184,ELEVATION
1.1428571428571388,165.71428571428567,brush,23,39.99999999999999,1551102142200,ELEVATION
,,mouseout,,,1551102142217,ELEVATION
,,mouseover,,,1551102142217,ELEVATION
-17.142857142857167,165.71428571428567,brush,22,39.99999999999999,1551102142217,ELEVATION
,,mouseout,,,1551102142234,ELEVATION
,,mouseover,,,1551102142234,ELEVATION
-35.428571428571445,165.71428571428567,brush,19.999999999999996,39.99999999999999,1551102142234,ELEVATION
-35.428571428571445,165.71428571428567,brush,17.999999999999996,39.99999999999999,1551102142361,ELEVATION
-35.428571428571445,165.71428571428567,brush,17.999999999999996,39.99999999999999,1551102142384,ELEVATION
,,mouseout,,,1551102142400,ELEVATION
,,mouseover,,,1551102142400,ELEVATION
-17.142857142857167,165.71428571428567,brush,17.999999999999996,39.99999999999999,1551102142400,ELEVATION
,,mouseout,,,1551102142417,ELEVATION
,,mouseover,,,1551102142417,ELEVATION
56,165.71428571428567,brush,19.999999999999996,39.99999999999999,1551102142417,ELEVATION
,,mouseout,,,1551102142434,ELEVATION
,,mouseover,,,1551102142434,ELEVATION
147.4285714285714,165.71428571428567,brush,28,39.99999999999999,1551102142434,ELEVATION
248,165.71428571428567,brush,37.99999999999999,39.99999999999999,1551102142450,ELEVATION
348.57142857142856,165.71428571428567,brush,49.00000000000001,39.99999999999999,1551102142467,ELEVATION
440,165.71428571428567,brush,60,39.99999999999999,1551102142484,ELEVATION
522.2857142857142,165.71428571428567,brush,70,39.99999999999999,1551102142501,ELEVATION
595.4285714285713,165.71428571428567,brush,79,39.99999999999999,1551102142517,ELEVATION
677.7142857142857,165.71428571428567,brush,87,39.99999999999999,1551102142534,ELEVATION
760,165.71428571428567,brush,95.99999999999999,39.99999999999999,1551102142551,ELEVATION
842.2857142857142,165.71428571428567,brush,105,39.99999999999999,1551102142585,ELEVATION
1025.142857142857,165.71428571428567,brush,113.99999999999999,39.99999999999999,1551102142600,ELEVATION
1116.5714285714284,165.71428571428567,brush,134,39.99999999999999,1551102142617,ELEVATION
1226.2857142857142,165.71428571428567,brush,143.99999999999997,39.99999999999999,1551102142633,ELEVATION
1299.4285714285713,165.71428571428567,brush,156,39.99999999999999,1551102142650,ELEVATION
1363.4285714285713,165.71428571428567,brush,163.99999999999997,39.99999999999999,1551102142667,ELEVATION
1436.5714285714284,165.71428571428567,brush,171,39.99999999999999,1551102142683,ELEVATION
1546.2857142857142,165.71428571428567,brush,178.99999999999997,39.99999999999999,1551102142700,ELEVATION
1646.8571428571427,165.71428571428567,brush,191,39.99999999999999,1551102142717,ELEVATION
1747.4285714285713,165.71428571428567,brush,201.99999999999997,39.99999999999999,1551102142734,ELEVATION
1838.8571428571427,165.71428571428567,brush,213,39.99999999999999,1551102142751,ELEVATION
1902.8571428571427,165.71428571428567,brush,223,39.99999999999999,1551102142767,ELEVATION
1948.5714285714284,165.71428571428567,brush,229.99999999999997,39.99999999999999,1551102142783,ELEVATION
1976,165.71428571428567,brush,234.99999999999997,39.99999999999999,1551102142800,ELEVATION
2040,165.71428571428567,brush,238.00000000000003,39.99999999999999,1551102142817,ELEVATION
2122.285714285714,165.71428571428567,brush,244.99999999999997,39.99999999999999,1551102142833,ELEVATION
2222.8571428571427,165.71428571428567,brush,253.99999999999997,39.99999999999999,1551102142850,ELEVATION
2277.714285714286,165.71428571428567,brush,265,39.99999999999999,1551102142867,ELEVATION
2277.714285714286,165.71428571428567,brushEnd,271,39.99999999999999,1551102142960,ELEVATION
,,mouseout,,,1551102143057,ELEVATION
,,mouseover,,,1551102143057,ELEVATION
,,mouseout,,,1551102143085,ELEVATION
,,mouseover,,,1551102143085,ELEVATION
,,down,,,1551102143228,
2268.5714285714284,156.57142857142856,brush,271,39.99999999999999,1551102143304,ELEVATION
2241.1428571428573,129.14285714285722,brush,270,39,1551102143317,ELEVATION
2140.5714285714284,28.571428571428555,brush,267,36.00000000000001,1551102143334,ELEVATION
1985.1428571428573,-126.85714285714278,brush,256,25,1551102143350,ELEVATION
1912,-200,brush,239.00000000000003,8.000000000000009,1551102143367,ELEVATION
1912,-200,brush,231,0,1551102143384,ELEVATION
1912,-200,brush,231,0,1551102143400,ELEVATION
1912,-200,brush,231,0,1551102143417,ELEVATION
1912,-200,brush,231,0,1551102143434,ELEVATION
1912,-200,brush,231,0,1551102143468,ELEVATION
1912,-200,brush,231,0,1551102143721,ELEVATION
1912,-200,brush,231,0,1551102143735,ELEVATION
1912,-200,brush,231,0,1551102143750,ELEVATION
1912,-200,brush,231,0,1551102143768,ELEVATION
1912,-200,brush,231,0,1551102143784,ELEVATION
1912,-200,brush,231,0,1551102143800,ELEVATION
1912,-200,brush,231,0,1551102143816,ELEVATION
1912,-200,brush,231,0,1551102143834,ELEVATION
1912,-200,brush,231,0,1551102143851,ELEVATION
1912,-200,brush,231,0,1551102143868,ELEVATION
1912,-200,brush,231,0,1551102143884,ELEVATION
1912,-200,brush,231,0,1551102143901,ELEVATION
2003.4285714285716,-108.57142857142856,brush,231,0,1551102143917,ELEVATION
2094.857142857143,-17.142857142857224,brush,241,10.000000000000002,1551102143934,ELEVATION
2177.1428571428573,65.14285714285722,brush,251.00000000000003,19.999999999999993,1551102143950,ELEVATION
2250.2857142857147,138.28571428571433,brush,260,29.000000000000007,1551102143966,ELEVATION
2323.4285714285716,211.42857142857144,brush,268,37.00000000000001,1551102143983,ELEVATION
2396.5714285714284,284.57142857142856,brush,276,45.00000000000001,1551102144000,ELEVATION
2478.857142857143,366.8571428571428,brush,284,52.99999999999999,1551102144017,ELEVATION
2542.857142857143,430.857142857143,brush,293,61.99999999999999,1551102144034,ELEVATION
2597.714285714286,485.71428571428567,brush,300,69.00000000000001,1551102144050,ELEVATION
2625.1428571428573,513.1428571428572,brush,306,75,1551102144067,ELEVATION
2661.714285714286,549.7142857142857,brush,309,78.00000000000001,1551102144083,ELEVATION
2680,567.9999999999999,brush,313,81.99999999999999,1551102144100,ELEVATION
2698.285714285714,586.2857142857141,brush,315,83.99999999999999,1551102144116,ELEVATION
2716.5714285714284,604.5714285714283,brush,317,85.99999999999999,1551102144134,ELEVATION
2762.285714285714,650.2857142857141,brush,319,87.99999999999997,1551102144150,ELEVATION
2817.1428571428573,705.1428571428572,brush,324,92.99999999999999,1551102144167,ELEVATION
2844.5714285714284,732.5714285714283,brush,330.00000000000006,99,1551102144184,ELEVATION
2872,759.9999999999999,brush,333,101.99999999999999,1551102144201,ELEVATION
2890.285714285714,778.2857142857141,brush,336,105,1551102144217,ELEVATION
2936,823.9999999999999,brush,338,106.99999999999999,1551102144233,ELEVATION
2981.714285714286,869.7142857142857,brush,343,111.99999999999999,1551102144250,ELEVATION
3000,888,brush,348,117,1551102144267,ELEVATION
3000,888,brush,350,119.00000000000001,1551102144284,ELEVATION
3000,888,brush,350,119.00000000000001,1551102144301,ELEVATION
3000,888,brush,350,119.00000000000001,1551102144318,ELEVATION
3000,888,brush,350,119.00000000000001,1551102144334,ELEVATION
3000,888,brush,350,119.00000000000001,1551102144367,ELEVATION
3000,888,brush,350,119.00000000000001,1551102144384,ELEVATION
3000,888,brush,350,119.00000000000001,1551102144401,ELEVATION
3000,888,brush,350,119.00000000000001,1551102144417,ELEVATION
3000,888,brush,350,119.00000000000001,1551102144434,ELEVATION
3000,888,brush,350,119.00000000000001,1551102144451,ELEVATION
3000,888,brush,350,119.00000000000001,1551102144466,ELEVATION
3000,888,brush,350,119.00000000000001,1551102144484,ELEVATION
3000,888,brush,350,119.00000000000001,1551102144536,ELEVATION
3000,888,brush,350,119.00000000000001,1551102144567,ELEVATION
3000,888,brush,350,119.00000000000001,1551102144585,ELEVATION
3000,888,brush,350,119.00000000000001,1551102144600,ELEVATION
3000,888,brush,350,119.00000000000001,1551102144618,ELEVATION
3000,888,brush,350,119.00000000000001,1551102144634,ELEVATION
3000,888,brush,350,119.00000000000001,1551102145080,ELEVATION
3000,888,brush,350,119.00000000000001,1551102145088,ELEVATION
3000,888,brush,350,119.00000000000001,1551102145101,ELEVATION
3000,888,brush,350,119.00000000000001,1551102145118,ELEVATION
3000,888,brush,350,119.00000000000001,1551102145134,ELEVATION
3000,888,brush,350,119.00000000000001,1551102145150,ELEVATION
3000,888,brush,350,119.00000000000001,1551102145168,ELEVATION
3000,888,brush,350,119.00000000000001,1551102145184,ELEVATION
2990.857142857143,878.857142857143,brush,350,119.00000000000001,1551102145201,ELEVATION
2954.285714285714,842.2857142857141,brush,349,118.00000000000003,1551102145216,ELEVATION
2926.857142857143,814.857142857143,brush,345,113.99999999999999,1551102145234,ELEVATION
2899.4285714285716,787.4285714285714,brush,342,111.00000000000001,1551102145251,ELEVATION
2872,759.9999999999999,brush,339,108,1551102145267,ELEVATION
2835.4285714285716,723.4285714285714,brush,336,105,1551102145284,ELEVATION
2762.285714285714,650.2857142857141,brush,332,101,1551102145300,ELEVATION
2689.1428571428573,577.1428571428572,brush,324,92.99999999999999,1551102145317,ELEVATION
2616,503.9999999999999,brush,316,85.00000000000001,1551102145333,ELEVATION
2561.1428571428573,449.1428571428572,brush,308,76.99999999999999,1551102145351,ELEVATION
2506.285714285714,394.2857142857141,brush,302,71,1551102145367,ELEVATION
2469.714285714286,357.71428571428567,brush,296,64.99999999999999,1551102145384,ELEVATION
2396.5714285714284,284.57142857142856,brush,292,60.99999999999999,1551102145400,ELEVATION
2369.1428571428573,257.1428571428572,brush,284,52.99999999999999,1551102145417,ELEVATION
2332.5714285714284,220.57142857142856,brush,281,50.00000000000001,1551102145434,ELEVATION
2296,183.9999999999999,brush,277,46,1551102145450,ELEVATION
2250.2857142857147,138.28571428571433,brush,273,41.999999999999986,1551102145467,ELEVATION
2204.5714285714284,92.57142857142856,brush,268,37.00000000000001,1551102145483,ELEVATION
2168,55.999999999999886,brush,262.99999999999994,32,1551102145500,ELEVATION
2131.4285714285716,19.428571428571445,brush,259,27.999999999999986,1551102145517,ELEVATION
2104,-8.000000000000114,brush,255.00000000000003,24,1551102145533,ELEVATION
2067.4285714285716,-44.571428571428555,brush,252,20.999999999999986,1551102145551,ELEVATION
2021.7142857142858,-90.28571428571433,brush,248.00000000000003,17.000000000000004,1551102145567,ELEVATION
1994.2857142857142,-117.71428571428567,brush,243,11.999999999999996,1551102145583,ELEVATION
1930.2857142857142,-181.71428571428567,brush,240,9.000000000000005,1551102145601,ELEVATION
1912,-200,brush,233,2.0000000000000053,1551102145617,ELEVATION
1912,-200,brush,231,0,1551102145634,ELEVATION
1912,-200,brush,231,0,1551102145651,ELEVATION
1912,-200,brush,231,0,1551102145667,ELEVATION
1912,-200,brush,231,0,1551102145684,ELEVATION
1912,-200,brush,231,0,1551102145700,ELEVATION
1912,-200,brush,231,0,1551102145718,ELEVATION
1912,-200,brush,231,0,1551102145733,ELEVATION
1912,-200,brush,231,0,1551102145750,ELEVATION
1912,-200,brush,231,0,1551102145767,ELEVATION
1912,-200,brush,231,0,1551102145784,ELEVATION
1912,-200,brush,231,0,1551102145801,ELEVATION
1912,-200,brush,231,0,1551102145818,ELEVATION
1912,-200,brush,231,0,1551102145835,ELEVATION
1912,-200,brush,231,0,1551102145851,ELEVATION
1912,-200,brush,231,0,1551102145866,ELEVATION
1912,-200,brush,231,0,1551102145951,ELEVATION
,,down,,,1551102146027,
1912,-200,brush,231,0,1551102146145,ELEVATION
,,mouseout,,,1551102146650,ELEVATION
,,mouseover,,,1551102146650,ELEVATION
,,mouseout,,,1551102146667,ELEVATION
,,mouseover,,,1551102146683,TEMP_MIN
,,mouseout,,,1551102146777,TEMP_MIN
,,mouseover,,,1551102146777,TEMP_MIN
,,mouseout,,,1551102146778,TEMP_MIN
,,mouseover,,,1551102146778,LONGITUDE
,,mouseout,,,1551102146866,LONGITUDE
,,mouseover,,,1551102148067,LONGITUDE
,,mouseout,,,1551102148083,LONGITUDE
,,mouseover,,,1551102148217,TEMP_MIN
,,mouseout,,,1551102148301,TEMP_MIN
,,mouseover,,,1551102148301,LONGITUDE
,,mouseout,,,1551102148583,LONGITUDE
,,mouseover,,,1551102148583,LONGITUDE
,,down,,,1551102150260,
,,brushStart,,,1551102150260,LONGITUDE
-119.77142857142857,-119.77142857142857,brush,,,1551102150393,LONGITUDE
,,mouseout,,,1551102150417,LONGITUDE
,,mouseover,,,1551102150417,LONGITUDE
-118.85714285714286,-119.77142857142857,brush,,,1551102150418,LONGITUDE
-117.02857142857144,-119.77142857142857,brush,44.99999999999999,44,1551102150434,LONGITUDE
,,mouseout,,,1551102150450,LONGITUDE
,,mouseover,,,1551102150450,LONGITUDE
-116.11428571428571,-119.77142857142857,brush,46.99999999999999,44,1551102150450,LONGITUDE
-109.71428571428572,-119.77142857142857,brush,48,44,1551102150467,LONGITUDE
-97.82857142857142,-119.77142857142857,brush,54.999999999999986,44,1551102150483,LONGITUDE
-77.71428571428572,-119.77142857142857,brush,68.00000000000001,44,1551102150500,LONGITUDE
-53.028571428571425,-119.77142857142857,brush,89.99999999999999,44,1551102150517,LONGITUDE
-23.771428571428572,-119.77142857142857,brush,117,44,1551102150533,LONGITUDE
3.657142857142844,-119.77142857142857,brush,149,44,1551102150550,LONGITUDE
21.02857142857141,-119.77142857142857,brush,178.99999999999997,44,1551102150567,LONGITUDE
32,-119.77142857142857,brush,197.99999999999997,44,1551102150583,LONGITUDE
39.31428571428572,-119.77142857142857,brush,210,44,1551102150600,LONGITUDE
44.79999999999998,-119.77142857142857,brush,218,44,1551102150616,LONGITUDE
53.02857142857141,-119.77142857142857,brush,223.99999999999997,44,1551102150633,LONGITUDE
58.514285714285705,-119.77142857142857,brush,233,44,1551102150650,LONGITUDE
65.82857142857142,-119.77142857142857,brush,239,44,1551102150670,LONGITUDE
73.14285714285714,-119.77142857142857,brush,247,44,1551102150683,LONGITUDE
78.62857142857143,-119.77142857142857,brush,255,44,1551102150700,LONGITUDE
83.19999999999999,-119.77142857142857,brush,261,44,1551102150716,LONGITUDE
,,mouseout,,,1551102150732,LONGITUDE
,,mouseover,,,1551102150733,LONGITUDE
85.94285714285712,-119.77142857142857,brush,266,44,1551102150733,LONGITUDE
,,mouseout,,,1551102150750,LONGITUDE
,,mouseover,,,1551102150750,LONGITUDE
88.68571428571428,-119.77142857142857,brush,268.99999999999994,44,1551102150750,LONGITUDE
93.25714285714284,-119.77142857142857,brush,272,44,1551102150766,LONGITUDE
99.65714285714284,-119.77142857142857,brush,277,44,1551102150783,LONGITUDE
105.14285714285711,-119.77142857142857,brush,284,44,1551102150800,LONGITUDE
105.14285714285711,-119.77142857142857,brushEnd,290,44,1551102151025,LONGITUDE
,,mouseout,,,1551102151066,LONGITUDE
,,mouseover,,,1551102151066,LONGITUDE
,,mouseout,,,1551102151183,LONGITUDE
,,mouseover,,,1551102151183,LONGITUDE
,,mouseout,,,1551102151299,LONGITUDE
,,mouseover,,,1551102151299,LONGITUDE
,,mouseout,,,1551102151383,LONGITUDE
,,mouseover,,,1551102151383,LONGITUDE
,,mouseout,,,1551102151400,LONGITUDE
,,mouseover,,,1551102151400,LONGITUDE
,,down,,,1551102151701,
103.31428571428569,-121.6,brush,290,44,1551102151784,LONGITUDE
99.65714285714284,-125.25714285714284,brush,287.99999999999994,42.00000000000001,1551102151800,LONGITUDE
79.54285714285712,-145.37142857142857,brush,284,38.00000000000002,1551102151817,LONGITUDE
71.31428571428569,-153.6,brush,261.99999999999994,16.000000000000004,1551102151833,LONGITUDE
65.82857142857142,-159.08571428571426,brush,252.99999999999997,7.000000000000006,1551102151851,LONGITUDE
64.91428571428568,-160,brush,247,1.0000000000000275,1551102151884,LONGITUDE
64.91428571428568,-160,brush,245.99999999999997,0,1551102151900,LONGITUDE
64.91428571428568,-160,brush,245.99999999999997,0,1551102151918,LONGITUDE
64.91428571428568,-160,brush,245.99999999999997,0,1551102151952,LONGITUDE
64.91428571428568,-160,brush,245.99999999999997,0,1551102151966,LONGITUDE
64.91428571428565,-160,brush,245.99999999999997,0,1551102151984,LONGITUDE
64.91428571428568,-160,brush,245.99999999999991,0,1551102152000,LONGITUDE
,,mouseout,,,1551102153834,LONGITUDE
,,mouseover,,,1551102153834,LONGITUDE
,,mouseout,,,1551102153851,LONGITUDE
,,mouseover,,,1551102153867,RECORD_DATE
,,mouseout,,,1551102154172,RECORD_DATE
,,mouseover,,,1551102154172,RECORD_DATE
,,mouseout,,,1551102154183,RECORD_DATE
,,mouseover,,,1551102154183,RECORD_DATE
,,mouseout,,,1551102154668,RECORD_DATE
,,mouseover,,,1551102154668,RECORD_DATE
1331886538285.7144,1326609915428.5715,brush,291.0000000000093,58.00000000000466,1551102155345,RECORD_DATE
,,mouseout,,,1551102155367,RECORD_DATE
,,mouseover,,,1551102155367,RECORD_DATE
1331886538285.7144,1326609915428.5715,brush,293.0000000000031,58.00000000000466,1551102155367,RECORD_DATE
1331819177142.8572,1326609915428.5715,brush,293.0000000000031,58.00000000000466,1551102155383,RECORD_DATE
1331729362285.7144,1326609915428.5715,brush,290.00000000000153,58.00000000000466,1551102155400,RECORD_DATE
1331549732571.4285,1326609915428.5715,brush,286.0000000000031,58.00000000000466,1551102155416,RECORD_DATE
1331437464000,1326609915428.5715,brush,277.99999999999534,58.00000000000466,1551102155434,RECORD_DATE
1331370102857.1428,1326609915428.5715,brush,273,58.00000000000466,1551102155450,RECORD_DATE
,,mouseout,,,1551102155467,RECORD_DATE
,,mouseover,,,1551102155467,RECORD_DATE
1331347649142.8572,1326609915428.5715,brush,269.99999999999847,58.00000000000466,1551102155467,RECORD_DATE
,,mouseout,,,1551102155483,RECORD_DATE
,,mouseover,,,1551102155483,RECORD_DATE
1331325195428.5715,1326609915428.5715,brush,269.00000000000153,58.00000000000466,1551102155484,RECORD_DATE
1331280288000,1326609915428.5715,brush,268.00000000000466,58.00000000000466,1551102155499,RECORD_DATE
,,mouseout,,,1551102155517,RECORD_DATE
,,mouseover,,,1551102155517,RECORD_DATE
1331257834285.7144,1326609915428.5715,brush,266,58.00000000000466,1551102155517,RECORD_DATE
1331212926857.1428,1326609915428.5715,brush,265.0000000000031,58.00000000000466,1551102155533,RECORD_DATE
1331212926857.1428,1326609915428.5715,brush,262.99999999999847,58.00000000000466,1551102155550,RECORD_DATE
1331190473142.8572,1326609915428.5715,brush,262.99999999999847,58.00000000000466,1551102155566,RECORD_DATE
,,mouseout,,,1551102155583,RECORD_DATE
,,mouseover,,,1551102155583,RECORD_DATE
1331145565714.2856,1326609915428.5715,brush,262.00000000000153,58.00000000000466,1551102155583,RECORD_DATE
,,mouseout,,,1551102155599,RECORD_DATE
,,mouseover,,,1551102155599,RECORD_DATE
1331123112000,1326609915428.5715,brush,259.9999999999969,58.00000000000466,1551102155600,RECORD_DATE
1331078204571.4285,1326609915428.5715,brush,259,58.00000000000466,1551102155616,RECORD_DATE
1331078204571.4285,1326609915428.5715,brush,256.99999999999534,58.00000000000466,1551102155633,RECORD_DATE
1331055750857.1428,1326609915428.5715,brush,256.99999999999534,58.00000000000466,1551102155651,RECORD_DATE
1331055750857.1428,1326609915428.5715,brush,255.99999999999844,58.00000000000466,1551102155667,RECORD_DATE
1331055750857.1428,1326609915428.5715,brush,255.99999999999844,58.00000000000466,1551102155684,RECORD_DATE
1331033297142.8572,1326609915428.5715,brush,255.99999999999844,58.00000000000466,1551102155761,RECORD_DATE
1331033297142.8572,1326609915428.5715,brush,255.00000000000153,58.00000000000466,1551102155784,RECORD_DATE
,,mouseout,,,1551102155801,RECORD_DATE
,,mouseover,,,1551102155801,RECORD_DATE
1330988389714.2856,1326609915428.5715,brush,255.00000000000153,58.00000000000466,1551102155801,RECORD_DATE
,,mouseout,,,1551102155817,RECORD_DATE
,,mouseover,,,1551102155817,RECORD_DATE
1330965936000,1326609915428.5715,brush,252.9999999999969,58.00000000000466,1551102155817,RECORD_DATE
1330943482285.7144,1326609915428.5715,brush,252,58.00000000000466,1551102155833,RECORD_DATE
1330921028571.4285,1326609915428.5715,brush,251.0000000000031,58.00000000000466,1551102155850,RECORD_DATE
1330921028571.4285,1326609915428.5715,brush,249.99999999999534,58.00000000000466,1551102155921,RECORD_DATE
1330898574857.1428,1326609915428.5715,brush,249.99999999999534,58.00000000000466,1551102155985,RECORD_DATE
1330898574857.1428,1326609915428.5715,brush,248.99999999999844,58.00000000000466,1551102156000,RECORD_DATE
1330898574857.1428,1326609915428.5715,brush,248.99999999999844,58.00000000000466,1551102156016,RECORD_DATE
1330876121142.8572,1326609915428.5715,brush,248.99999999999844,58.00000000000466,1551102156034,RECORD_DATE
1330853667428.5715,1326609915428.5715,brush,248.00000000000153,58.00000000000466,1551102156050,RECORD_DATE
1330831213714.2856,1326609915428.5715,brush,247.00000000000466,58.00000000000466,1551102156067,RECORD_DATE
1330808760000,1326609915428.5715,brush,245.99999999999687,58.00000000000466,1551102156083,RECORD_DATE
1330808760000,1326609915428.5715,brush,244.99999999999997,58.00000000000466,1551102156100,RECORD_DATE
1330786306285.7144,1326609915428.5715,brush,244.99999999999997,58.00000000000466,1551102156117,RECORD_DATE
1330786306285.7144,1326609915428.5715,brush,244.00000000000313,58.00000000000466,1551102156133,RECORD_DATE
1330786306285.7144,1326609915428.5715,brush,244.00000000000313,58.00000000000466,1551102156151,RECORD_DATE
1330763852571.4285,1326609915428.5715,brush,244.00000000000313,58.00000000000466,1551102156168,RECORD_DATE
1330763852571.4285,1326609915428.5715,brush,242.99999999999534,58.00000000000466,1551102156199,RECORD_DATE
1330763852571.4285,1326609915428.5715,brush,242.99999999999534,58.00000000000466,1551102156217,RECORD_DATE
1330718945142.8572,1326609915428.5715,brush,242.99999999999534,58.00000000000466,1551102156233,RECORD_DATE
1330696491428.5715,1326609915428.5715,brush,241.00000000000156,58.00000000000466,1551102156250,RECORD_DATE
1330674037714.2856,1326609915428.5715,brush,240.00000000000466,58.00000000000466,1551102156267,RECORD_DATE
1330651584000,1326609915428.5715,brush,238.99999999999687,58.00000000000466,1551102156283,RECORD_DATE
1330629130285.7144,1326609915428.5715,brush,238.00000000000003,58.00000000000466,1551102156300,RECORD_DATE
1330606676571.4285,1326609915428.5715,brush,237.00000000000313,58.00000000000466,1551102156317,RECORD_DATE
1330584222857.1428,1326609915428.5715,brush,235.99999999999534,58.00000000000466,1551102156333,RECORD_DATE
1330561769142.8572,1326609915428.5715,brush,234.99999999999847,58.00000000000466,1551102156350,RECORD_DATE
,,mouseout,,,1551102156367,RECORD_DATE
,,mouseover,,,1551102156367,RECORD_DATE
1330516861714.2856,1326609915428.5715,brush,234.00000000000156,58.00000000000466,1551102156367,RECORD_DATE
,,mouseout,,,1551102156382,RECORD_DATE
,,mouseover,,,1551102156382,RECORD_DATE
1330494408000,1326609915428.5715,brush,231.99999999999687,58.00000000000466,1551102156383,RECORD_DATE
1330471954285.7144,1326609915428.5715,brush,231,58.00000000000466,1551102156401,RECORD_DATE
1330427046857.1428,1326609915428.5715,brush,230.0000000000031,58.00000000000466,1551102156416,RECORD_DATE
1330427046857.1428,1326609915428.5715,brush,227.99999999999847,58.00000000000466,1551102156434,RECORD_DATE
1330404593142.8572,1326609915428.5715,brush,227.99999999999847,58.00000000000466,1551102156450,RECORD_DATE
,,mouseout,,,1551102156466,RECORD_DATE
,,mouseover,,,1551102156466,RECORD_DATE
1330359685714.2856,1326609915428.5715,brush,227.00000000000156,58.00000000000466,1551102156466,RECORD_DATE
1330269870857.1428,1326609915428.5715,brush,224.9999999999969,58.00000000000466,1551102156483,RECORD_DATE
1330157602285.7144,1326609915428.5715,brush,220.99999999999847,58.00000000000466,1551102156500,RECORD_DATE
1330090241142.8572,1326609915428.5715,brush,216.0000000000031,58.00000000000466,1551102156517,RECORD_DATE
1330000426285.7144,1326609915428.5715,brush,213.00000000000153,58.00000000000466,1551102156533,RECORD_DATE
1329933065142.8572,1326609915428.5715,brush,209.0000000000031,58.00000000000466,1551102156550,RECORD_DATE
1329843250285.7144,1326609915428.5715,brush,206.00000000000153,58.00000000000466,1551102156566,RECORD_DATE
1329753435428.5715,1326609915428.5715,brush,202.00000000000313,58.00000000000466,1551102156584,RECORD_DATE
1329618713142.8572,1326609915428.5715,brush,198.00000000000466,58.00000000000466,1551102156600,RECORD_DATE
1329506444571.4285,1326609915428.5715,brush,192.00000000000156,58.00000000000466,1551102156617,RECORD_DATE
1329416629714.2856,1326609915428.5715,brush,186.99999999999534,58.00000000000466,1551102156633,RECORD_DATE
1329326814857.1428,1326609915428.5715,brush,182.9999999999969,58.00000000000466,1551102156650,RECORD_DATE
1329214546285.7144,1326609915428.5715,brush,178.99999999999847,58.00000000000466,1551102156666,RECORD_DATE
1329147185142.8572,1326609915428.5715,brush,174.00000000000313,58.00000000000466,1551102156683,RECORD_DATE
1329034916571.4285,1326609915428.5715,brush,171.00000000000153,58.00000000000466,1551102156700,RECORD_DATE
1328922648000,1326609915428.5715,brush,165.99999999999534,58.00000000000466,1551102156716,RECORD_DATE
1328787925714.2856,1326609915428.5715,brush,161,58.00000000000466,1551102156733,RECORD_DATE
1328675657142.8572,1326609915428.5715,brush,154.99999999999687,58.00000000000466,1551102156751,RECORD_DATE
1328630749714.2856,1326609915428.5715,brush,150.00000000000153,58.00000000000466,1551102156767,RECORD_DATE
,,mouseout,,,1551102156784,RECORD_DATE
,,mouseover,,,1551102156784,RECORD_DATE
1328585842285.7144,1326609915428.5715,brush,147.9999999999969,58.00000000000466,1551102156784,RECORD_DATE
1328563388571.4285,1326609915428.5715,brush,146.0000000000031,58.00000000000466,1551102156800,RECORD_DATE
1328563388571.4285,1326609915428.5715,brush,144.99999999999534,58.00000000000466,1551102156834,RECORD_DATE
1328563388571.4285,1326609915428.5715,brush,144.99999999999534,58.00000000000466,1551102156850,RECORD_DATE
1328518481142.8572,1326609915428.5715,brush,144.99999999999534,58.00000000000466,1551102156867,RECORD_DATE
1328496027428.5715,1326609915428.5715,brush,143.00000000000156,58.00000000000466,1551102156883,RECORD_DATE
1328496027428.5715,1326609915428.5715,brush,142.00000000000466,58.00000000000466,1551102156900,RECORD_DATE
,,mouseout,,,1551102157117,RECORD_DATE
,,mouseover,,,1551102157117,RECORD_DATE
,,mouseout,,,1551102157183,RECORD_DATE
,,mouseover,,,1551102157200,ELEVATION
,,mouseout,,,1551102157401,ELEVATION
,,mouseover,,,1551102157401,ELEVATION
,,down,,,1551102172452,
1921.1428571428573,-190.85714285714278,brush,231,0,1551102172840,ELEVATION
1939.4285714285716,-172.57142857142856,brush,232.00000000000003,1.0000000000000089,1551102172866,ELEVATION
1948.5714285714287,-163.42857142857133,brush,234,3.0000000000000018,1551102172882,ELEVATION
1957.7142857142858,-154.28571428571422,brush,234.99999999999997,4.000000000000011,1551102172900,ELEVATION
1976,-136,brush,236,5.000000000000007,1551102172917,ELEVATION
1985.1428571428573,-126.85714285714278,brush,238.00000000000003,7,1551102172933,ELEVATION
1994.2857142857142,-117.71428571428567,brush,239.00000000000003,8.000000000000009,1551102172950,ELEVATION
2003.4285714285716,-108.57142857142856,brush,240,9.000000000000005,1551102173017,ELEVATION
2012.5714285714287,-99.42857142857133,brush,241,10.000000000000002,1551102173033,ELEVATION
2021.7142857142858,-90.28571428571422,brush,242,11.00000000000001,1551102173067,ELEVATION
2030.857142857143,-81.14285714285711,brush,243,12.000000000000007,1551102173119,ELEVATION
2040,-72,brush,244,13.000000000000004,1551102173167,ELEVATION
2058.285714285714,-53.714285714285666,brush,244.99999999999997,14,1551102173183,ELEVATION
2067.4285714285716,-44.571428571428555,brush,247,16.000000000000004,1551102173217,ELEVATION
2085.714285714286,-26.28571428571422,brush,248.00000000000003,17.000000000000004,1551102173251,ELEVATION
2094.857142857143,-17.14285714285711,brush,250,19.000000000000007,1551102173266,ELEVATION
2113.1428571428573,1.142857142857224,brush,251.00000000000003,20.000000000000004,1551102173283,ELEVATION
2131.4285714285716,19.428571428571445,brush,253,22.00000000000001,1551102173299,ELEVATION
2140.5714285714284,28.571428571428555,brush,255.00000000000003,24,1551102173316,ELEVATION
2158.857142857143,46.85714285714289,brush,256,25,1551102173333,ELEVATION
2168,56,brush,258,27.000000000000004,1551102173349,ELEVATION
2186.285714285714,74.28571428571433,brush,259,28,1551102173366,ELEVATION
2195.4285714285716,83.42857142857144,brush,261,30.000000000000004,1551102173383,ELEVATION
2232,120,brush,262.00000000000006,31.000000000000004,1551102173400,ELEVATION
2241.1428571428573,129.14285714285722,brush,266,35,1551102173416,ELEVATION
2259.4285714285716,147.42857142857144,brush,267,36.00000000000001,1551102173433,ELEVATION
2268.5714285714284,156.57142857142856,brush,269,38.00000000000001,1551102173449,ELEVATION
2277.714285714286,165.71428571428578,brush,270,39,1551102173467,ELEVATION
2286.857142857143,174.8571428571429,brush,271,40.00000000000001,1551102173486,ELEVATION
2305.1428571428573,193.14285714285722,brush,272.00000000000006,41.00000000000001,1551102173500,ELEVATION
2332.5714285714284,220.57142857142856,brush,274,43.00000000000001,1551102173516,ELEVATION
2350.857142857143,238.8571428571429,brush,277,46,1551102173533,ELEVATION
2360,248,brush,279.00000000000006,48,1551102173550,ELEVATION
2378.285714285714,266.28571428571433,brush,280,49.00000000000001,1551102173566,ELEVATION
2387.4285714285716,275.42857142857144,brush,282,51.00000000000001,1551102173600,ELEVATION
2396.5714285714284,284.57142857142856,brush,283,52,1551102173617,ELEVATION
2424,312.0000000000001,brush,284,52.99999999999999,1551102173633,ELEVATION
2433.1428571428573,321.1428571428572,brush,287,56.000000000000014,1551102173649,ELEVATION
2451.4285714285716,339.42857142857144,brush,288.00000000000006,57.000000000000014,1551102173666,ELEVATION
2460.5714285714284,348.57142857142856,brush,290,59,1551102173682,ELEVATION
2478.8571428571427,366.8571428571428,brush,291,60,1551102173700,ELEVATION
2497.1428571428573,385.1428571428572,brush,293,61.99999999999999,1551102173716,ELEVATION
2524.5714285714284,412.57142857142856,brush,295.00000000000006,64.00000000000001,1551102173733,ELEVATION
2552,440.0000000000001,brush,298,67,1551102173750,ELEVATION
2570.285714285714,458.28571428571433,brush,301,70.00000000000001,1551102173766,ELEVATION
2588.5714285714284,476.57142857142856,brush,303,72.00000000000001,1551102173783,ELEVATION
2616,504.0000000000001,brush,305,74,1551102173799,ELEVATION
2634.285714285714,522.2857142857143,brush,308,77.00000000000001,1551102173816,ELEVATION
2643.4285714285716,531.4285714285714,brush,310,79,1551102173833,ELEVATION
2661.714285714286,549.7142857142857,brush,311,80,1551102173849,ELEVATION
2670.8571428571427,558.8571428571427,brush,313,81.99999999999999,1551102173866,ELEVATION
2680,568.0000000000001,brush,314,82.99999999999997,1551102173883,ELEVATION
2698.2857142857147,586.2857142857144,brush,315,84.00000000000001,1551102173904,ELEVATION
2725.714285714286,613.7142857142857,brush,317.00000000000006,86.00000000000001,1551102173934,ELEVATION
2753.1428571428573,641.1428571428572,brush,320,89,1551102173950,ELEVATION
2771.4285714285716,659.4285714285714,brush,323,92.00000000000001,1551102173966,ELEVATION
2789.714285714286,677.7142857142857,brush,325,94,1551102173983,ELEVATION
2798.8571428571427,686.8571428571428,brush,327,95.99999999999999,1551102174000,ELEVATION
2789.714285714286,677.7142857142857,brush,327.99999999999994,97,1551102175034,ELEVATION
2780.5714285714284,668.5714285714286,brush,327,95.99999999999999,1551102175049,ELEVATION
2771.4285714285716,659.4285714285714,brush,326,94.99999999999999,1551102175084,ELEVATION
2762.285714285714,650.2857142857143,brush,325,94,1551102175117,ELEVATION
2753.1428571428573,641.1428571428572,brush,324,93.00000000000001,1551102175133,ELEVATION
2744,632.0000000000001,brush,323,92.00000000000001,1551102175167,ELEVATION
2734.8571428571427,622.8571428571428,brush,322,91,1551102175201,ELEVATION
2725.714285714286,613.7142857142857,brush,320.99999999999994,89.99999999999999,1551102175216,ELEVATION
2716.5714285714284,604.5714285714286,brush,320,89,1551102175233,ELEVATION
2707.4285714285716,595.4285714285714,brush,319,88,1551102175267,ELEVATION
2689.1428571428573,577.1428571428572,brush,318,87,1551102175283,ELEVATION
2680,568.0000000000001,brush,316,85.00000000000001,1551102175300,ELEVATION
2670.8571428571427,558.8571428571427,brush,315,84.00000000000001,1551102175316,ELEVATION
2652.5714285714284,540.5714285714286,brush,314,82.99999999999997,1551102175333,ELEVATION
2643.4285714285716,531.4285714285714,brush,312,81,1551102175349,ELEVATION
2634.285714285714,522.2857142857143,brush,311,80,1551102175366,ELEVATION
2616,504.0000000000001,brush,310,79,1551102175383,ELEVATION
2606.8571428571427,494.8571428571428,brush,308,77.00000000000001,1551102175400,ELEVATION
2570.285714285714,458.28571428571433,brush,307,75.99999999999999,1551102175416,ELEVATION
2552,440.0000000000001,brush,303,72.00000000000001,1551102175433,ELEVATION
2542.857142857143,430.8571428571429,brush,301,70.00000000000001,1551102175450,ELEVATION
2524.5714285714284,412.57142857142856,brush,300,69,1551102175466,ELEVATION
2506.285714285714,394.28571428571433,brush,298,67,1551102175483,ELEVATION
2478.8571428571427,366.8571428571428,brush,296,65,1551102175500,ELEVATION
2451.4285714285716,339.42857142857144,brush,293,61.99999999999999,1551102175517,ELEVATION
2424,312.0000000000001,brush,290,59,1551102175533,ELEVATION
2396.5714285714284,284.57142857142856,brush,287,56.000000000000014,1551102175550,ELEVATION
2369.1428571428573,257.1428571428572,brush,284,52.99999999999999,1551102175566,ELEVATION
2341.714285714286,229.71428571428578,brush,281,50.00000000000001,1551102175583,ELEVATION
2305.1428571428573,193.14285714285722,brush,278,47.00000000000001,1551102175600,ELEVATION
2286.857142857143,174.8571428571429,brush,274,43.00000000000001,1551102175616,ELEVATION
2268.5714285714284,156.57142857142856,brush,272.00000000000006,41.00000000000001,1551102175632,ELEVATION
2241.1428571428573,129.14285714285722,brush,270,39,1551102175650,ELEVATION
2213.714285714286,101.71428571428578,brush,267,36.00000000000001,1551102175666,ELEVATION
2177.1428571428573,65.14285714285722,brush,264,33.00000000000001,1551102175683,ELEVATION
2140.5714285714284,28.571428571428555,brush,260,29.000000000000007,1551102175700,ELEVATION
2104,-8,brush,256,25,1551102175716,ELEVATION
2076.5714285714284,-35.428571428571445,brush,252,21,1551102175733,ELEVATION
2049.1428571428573,-62.857142857142776,brush,249,17.999999999999996,1551102175749,ELEVATION
2030.857142857143,-81.14285714285711,brush,246.00000000000003,15.00000000000001,1551102175766,ELEVATION
2003.4285714285716,-108.57142857142856,brush,244,13.000000000000004,1551102175783,ELEVATION
1957.7142857142858,-154.28571428571422,brush,241,10.000000000000002,1551102175800,ELEVATION
1948.5714285714287,-163.42857142857133,brush,236,5.000000000000007,1551102175816,ELEVATION
1930.2857142857142,-181.71428571428567,brush,234.99999999999997,4.000000000000011,1551102175834,ELEVATION
1921.1428571428573,-190.85714285714278,brush,233,2.0000000000000053,1551102175850,ELEVATION
1912,-200,brush,232.00000000000003,1.0000000000000089,1551102175866,ELEVATION
1912,-200,brush,231,0,1551102175882,ELEVATION
1912,-200,brush,231,0,1551102175900,ELEVATION
1912,-200,brush,231,0,1551102175917,ELEVATION
1912,-200,brush,231,0,1551102175934,ELEVATION
1912,-200,brush,231,0,1551102175966,ELEVATION
1912,-200,brush,231,0,1551102175984,ELEVATION
1912,-200,brush,231,0,1551102176143,ELEVATION
1912,-200,brush,231,0,1551102176183,ELEVATION
1912,-200,brush,231,0,1551102176216,ELEVATION
1912,-200,brush,231,0,1551102176249,ELEVATION
1912,-200,brush,231,0,1551102176267,ELEVATION
1912,-200,brush,231,0,1551102176284,ELEVATION
1912,-200,brush,231,0,1551102176300,ELEVATION
1912,-200,brush,231,0,1551102176317,ELEVATION
1912,-200,brush,231,0,1551102176333,ELEVATION
1912,-200,brush,231,0,1551102176350,ELEVATION
1912,-200,brush,231,0,1551102176401,ELEVATION
1912,-200,brush,231,0,1551102176450,ELEVATION
1912,-200,brush,231,0,1551102176744,ELEVATION
1912,-200,brush,231,0,1551102176753,ELEVATION
1912,-200,brush,231,0,1551102176766,ELEVATION
1912,-200,brush,231,0,1551102176784,ELEVATION
1912,-200,brush,231,0,1551102176799,ELEVATION
1976,-136,brush,231,0,1551102176817,ELEVATION
2067.4285714285716,-44.571428571428555,brush,238.00000000000003,7,1551102176832,ELEVATION
2186.285714285714,74.28571428571433,brush,248.00000000000003,17.000000000000004,1551102176849,ELEVATION
2378.285714285714,266.28571428571433,brush,261,30.000000000000004,1551102176866,ELEVATION
2616,504.0000000000001,brush,282,51.00000000000001,1551102176883,ELEVATION
2826.285714285714,714.2857142857142,brush,308,77.00000000000001,1551102176900,ELEVATION
2945.1428571428573,833.1428571428573,brush,331,100,1551102176916,ELEVATION
2963.4285714285716,851.4285714285716,brush,344,113.00000000000001,1551102176932,ELEVATION
2972.5714285714284,860.5714285714284,brush,346.00000000000006,115.00000000000001,1551102176950,ELEVATION
2981.714285714286,869.7142857142858,brush,347,115.99999999999999,1551102176966,ELEVATION
3000,888,brush,348,117,1551102176983,ELEVATION
3000,888,brush,350,119.00000000000001,1551102177000,ELEVATION
3000,888,brush,350,119.00000000000001,1551102177016,ELEVATION
3000,888,brush,350,119.00000000000001,1551102177034,ELEVATION
3000,888,brush,350,119.00000000000001,1551102177049,ELEVATION
3000,888,brush,350,119.00000000000001,1551102177067,ELEVATION
3000,888,brush,350,119.00000000000001,1551102177084,ELEVATION
3000,888,brush,350,119.00000000000001,1551102177116,ELEVATION
3000,888,brush,350,119.00000000000001,1551102177133,ELEVATION
3000,888,brush,350,119.00000000000001,1551102177149,ELEVATION
3000,888,brush,350,119.00000000000001,1551102177167,ELEVATION
3000,888,brush,350,119.00000000000001,1551102177272,ELEVATION
3000,888,brush,350,119.00000000000001,1551102177283,ELEVATION
3000,888,brush,350,119.00000000000001,1551102177300,ELEVATION
2707.4285714285716,595.4285714285714,brush,350,119.00000000000001,1551102177316,ELEVATION
2286.857142857143,174.8571428571429,brush,318,87,1551102177333,ELEVATION
1912,-200,brush,272.00000000000006,41.00000000000001,1551102177350,ELEVATION
1912,-200,brush,231,0,1551102177366,ELEVATION
,,mouseout,,,1551102177383,ELEVATION
,,mouseover,,,1551102177383,ELEVATION
1912,-200,brush,231,0,1551102177384,ELEVATION
,,mouseout,,,1551102177666,ELEVATION
,,mouseover,,,1551102177666,ELEVATION
1912,-200,brush,231,0,1551102177666,ELEVATION
,,mouseout,,,1551102177683,ELEVATION
,,mouseover,,,1551102177683,ELEVATION
1912,-200,brush,231,0,1551102177683,ELEVATION
1912,-200,brush,231,0,1551102177701,ELEVATION
1912,-200,brush,231,0,1551102177717,ELEVATION
1912,-200,brush,231,0,1551102177733,ELEVATION
1912,-200,brush,231,0,1551102177750,ELEVATION
1912,-200,brush,231,0,1551102177767,ELEVATION
1912,-200,brush,231,0,1551102177784,ELEVATION
1912,-200,brush,231,0,1551102177800,ELEVATION
1976,-136,brush,231,0,1551102177816,ELEVATION
2076.5714285714284,-35.428571428571445,brush,238.00000000000003,7,1551102177832,ELEVATION
2177.1428571428573,65.14285714285722,brush,249,17.999999999999996,1551102177849,ELEVATION
2259.4285714285716,147.42857142857144,brush,260,29.000000000000007,1551102177866,ELEVATION
2314.285714285714,202.28571428571433,brush,269,38.00000000000001,1551102177882,ELEVATION
2378.285714285714,266.28571428571433,brush,275,44,1551102177899,ELEVATION
2451.4285714285716,339.42857142857144,brush,282,51.00000000000001,1551102177916,ELEVATION
2515.4285714285716,403.42857142857144,brush,290,59,1551102177933,ELEVATION
2561.1428571428573,449.1428571428572,brush,297,66,1551102177949,ELEVATION
2597.714285714286,485.71428571428567,brush,302,71,1551102177966,ELEVATION
2634.285714285714,522.2857142857143,brush,306,75,1551102177985,ELEVATION
2643.4285714285716,531.4285714285714,brush,310,79,1551102178000,ELEVATION
2661.714285714286,549.7142857142857,brush,311,80,1551102178015,ELEVATION
2670.8571428571427,558.8571428571427,brush,313,81.99999999999999,1551102178032,ELEVATION
2680,568.0000000000001,brush,314,82.99999999999997,1551102178050,ELEVATION
2716.5714285714284,604.5714285714286,brush,315,84.00000000000001,1551102178066,ELEVATION
2780.5714285714284,668.5714285714286,brush,319,88,1551102178082,ELEVATION
2835.4285714285716,723.4285714285714,brush,326,94.99999999999999,1551102178100,ELEVATION
2890.285714285714,778.2857142857143,brush,332,101,1551102178116,ELEVATION
2926.8571428571427,814.8571428571428,brush,338,107,1551102178133,ELEVATION
2945.1428571428573,833.1428571428573,brush,342,110.99999999999999,1551102178149,ELEVATION
2954.285714285714,842.2857142857142,brush,344,113.00000000000001,1551102178166,ELEVATION
2963.4285714285716,851.4285714285716,brush,345,113.99999999999999,1551102178200,ELEVATION
2954.285714285714,842.2857142857142,brush,346.00000000000006,115.00000000000001,1551102178688,ELEVATION
2926.8571428571427,814.8571428571428,brush,345,113.99999999999999,1551102178717,ELEVATION
2908.5714285714284,796.5714285714286,brush,342,110.99999999999999,1551102178732,ELEVATION
2872,759.9999999999999,brush,340,109,1551102178749,ELEVATION
2817.1428571428573,705.1428571428572,brush,336,105,1551102178765,ELEVATION
2716.5714285714284,604.5714285714286,brush,330.00000000000006,99,1551102178783,ELEVATION
2396.5714285714284,284.57142857142856,brush,319,88,1551102178799,ELEVATION
2268.5714285714284,156.57142857142856,brush,284,52.99999999999999,1551102178816,ELEVATION
1994.2857142857142,-117.71428571428567,brush,270,39,1551102178833,ELEVATION
1912,-200,brush,240,9.000000000000005,1551102178849,ELEVATION
1912,-200,brush,231,0,1551102178865,ELEVATION
1912,-200,brush,231,0,1551102178883,ELEVATION
1912,-200,brush,231,0,1551102178899,ELEVATION
1912,-200,brush,231,0,1551102178917,ELEVATION
1912,-200,brush,231,0,1551102178933,ELEVATION
1912,-200,brush,231,0,1551102178949,ELEVATION
1912,-200,brush,231,0,1551102178966,ELEVATION
1912,-200,brush,231,0,1551102178984,ELEVATION
1912,-200,brush,231,0,1551102179000,ELEVATION
1912,-200,brush,231,0,1551102179039,ELEVATION
1912,-200,brush,231,0,1551102179067,ELEVATION
1912,-200,brush,231,0,1551102179083,ELEVATION
1912,-200,brush,231,0,1551102179100,ELEVATION
1912,-200,brush,231,0,1551102179116,ELEVATION
,,down,,,1551102179907,
1912,-200,brush,231,0,1551102180040,ELEVATION
1921.1428571428573,-190.85714285714278,brush,231,0,1551102180065,ELEVATION
1939.4285714285716,-172.57142857142856,brush,232.00000000000003,1.0000000000000089,1551102180083,ELEVATION
1976,-136,brush,234,3.0000000000000018,1551102180099,ELEVATION
2058.285714285714,-53.714285714285666,brush,238.00000000000003,7,1551102180116,ELEVATION
2186.285714285714,74.28571428571433,brush,247,16.000000000000004,1551102180132,ELEVATION
2332.5714285714284,220.57142857142867,brush,261,30.000000000000004,1551102180149,ELEVATION
2497.142857142857,385.1428571428571,brush,277,46.00000000000001,1551102180166,ELEVATION
2625.142857142857,513.1428571428571,brush,294.99999999999994,64,1551102180183,ELEVATION
2698.285714285714,586.2857142857142,brush,309,78,1551102180199,ELEVATION
2707.4285714285716,595.4285714285713,brush,317,85.99999999999999,1551102180216,ELEVATION
2716.5714285714284,604.5714285714284,brush,318,87,1551102180233,ELEVATION
2734.857142857143,622.8571428571429,brush,319,87.99999999999999,1551102180265,ELEVATION
2762.285714285714,650.2857142857142,brush,321.00000000000006,90.00000000000001,1551102180283,ELEVATION
2808,696,brush,324,92.99999999999999,1551102180299,ELEVATION
2844.5714285714284,732.5714285714284,brush,329,98.00000000000001,1551102180316,ELEVATION
2872,760,brush,333,101.99999999999999,1551102180332,ELEVATION
2899.4285714285716,787.4285714285713,brush,336,105,1551102180349,ELEVATION
2908.5714285714284,796.5714285714284,brush,339,108,1551102180366,ELEVATION
2926.857142857143,814.8571428571429,brush,340,108.99999999999999,1551102180383,ELEVATION
2945.142857142857,833.1428571428571,brush,342,111.00000000000001,1551102180400,ELEVATION
3000,888,brush,343.99999999999994,113,1551102180416,ELEVATION
3000,888,brush,350,119.00000000000001,1551102180432,ELEVATION
3000,888,brush,350,119.00000000000001,1551102180449,ELEVATION
3000,888,brush,350,119.00000000000001,1551102180466,ELEVATION
3000,888,brush,350,119.00000000000001,1551102180533,ELEVATION
3000,888,brush,350,119.00000000000001,1551102180550,ELEVATION
3000,888,brush,350,119.00000000000001,1551102180565,ELEVATION
3000,888,brush,350,119.00000000000001,1551102180583,ELEVATION
3000,888,brush,350,119.00000000000001,1551102180887,ELEVATION
3000,888,brush,350,119.00000000000001,1551102180933,ELEVATION
3000,888,brush,350,119.00000000000001,1551102180967,ELEVATION
3000,888,brush,350,119.00000000000001,1551102181017,ELEVATION
3000,888,brush,350,119.00000000000001,1551102182272,ELEVATION
3000,888,brush,350,119.00000000000001,1551102182359,ELEVATION
3000,888,brush,350,119.00000000000001,1551102182449,ELEVATION
3000,888,brush,350,119.00000000000001,1551102182467,ELEVATION
3000,888,brush,350,119.00000000000001,1551102182500,ELEVATION
3000,888,brush,350,119.00000000000001,1551102182516,ELEVATION
3000,888,brush,350,119.00000000000001,1551102182533,ELEVATION
3000,888,brush,350,119.00000000000001,1551102182550,ELEVATION
3000,888,brush,350,119.00000000000001,1551102182566,ELEVATION
3000,888,brush,350,119.00000000000001,1551102182582,ELEVATION
3000,888,brush,350,119.00000000000001,1551102182599,ELEVATION
2981.714285714286,869.7142857142858,brush,350,119.00000000000001,1551102182616,ELEVATION
2963.4285714285716,851.4285714285713,brush,348,117,1551102182633,ELEVATION
2936,824,brush,346.00000000000006,114.99999999999999,1551102182649,ELEVATION
2917.714285714286,805.7142857142858,brush,343,112,1551102182665,ELEVATION
2890.285714285714,778.2857142857142,brush,341,110,1551102182683,ELEVATION
2835.4285714285716,723.4285714285713,brush,338,107,1551102182698,ELEVATION
2789.714285714286,677.7142857142858,brush,332,100.99999999999999,1551102182716,ELEVATION
2753.142857142857,641.1428571428571,brush,327,96,1551102182732,ELEVATION
2707.4285714285716,595.4285714285713,brush,323,92,1551102182750,ELEVATION
2670.857142857143,558.8571428571429,brush,318,87,1551102182770,ELEVATION
2652.5714285714284,540.5714285714287,brush,314.00000000000006,83,1551102182782,ELEVATION
2625.142857142857,513.1428571428571,brush,312,81.00000000000001,1551102182799,ELEVATION
2588.5714285714284,476.57142857142867,brush,309,78,1551102182815,ELEVATION
2552,440,brush,305,74.00000000000001,1551102182832,ELEVATION
2469.714285714286,357.7142857142858,brush,301,70,1551102182866,ELEVATION
2414.857142857143,302.8571428571429,brush,292,61,1551102182882,ELEVATION
2378.285714285714,266.2857142857142,brush,286,55,1551102182899,ELEVATION
2332.5714285714284,220.57142857142867,brush,282,50.99999999999999,1551102182916,ELEVATION
2305.142857142857,193.1428571428571,brush,277,46.00000000000001,1551102182933,ELEVATION
2286.857142857143,174.8571428571429,brush,274,42.99999999999999,1551102182950,ELEVATION
2259.4285714285716,147.42857142857144,brush,272.00000000000006,41.00000000000001,1551102182966,ELEVATION
2222.857142857143,110.85714285714289,brush,269,38.00000000000001,1551102182983,ELEVATION
2177.142857142857,65.14285714285711,brush,265.00000000000006,34.00000000000001,1551102182999,ELEVATION
2094.857142857143,-17.14285714285711,brush,259.99999999999994,28.999999999999996,1551102183016,ELEVATION
2030.857142857143,-81.14285714285711,brush,251.00000000000003,20.000000000000004,1551102183033,ELEVATION
1985.142857142857,-126.85714285714289,brush,244,13.000000000000004,1551102183050,ELEVATION
1948.5714285714284,-163.42857142857144,brush,239,7.9999999999999964,1551102183066,ELEVATION
1921.1428571428573,-190.85714285714278,brush,234.99999999999997,3.9999999999999982,1551102183083,ELEVATION
1912,-200,brush,232.00000000000003,1.0000000000000089,1551102183100,ELEVATION
1912,-200,brush,231,0,1551102183116,ELEVATION
1912,-200,brush,231,0,1551102183133,ELEVATION
1912,-200,brush,231,0,1551102183150,ELEVATION
1912,-200,brush,231,0,1551102183166,ELEVATION
1912,-200,brush,231,0,1551102183184,ELEVATION
1912,-200,brush,231,0,1551102183200,ELEVATION
1912,-200,brush,231,0,1551102183216,ELEVATION
1912,-200,brush,231,0,1551102183233,ELEVATION
1912,-200,brush,231,0,1551102183249,ELEVATION
1912,-200,brush,231,0,1551102183266,ELEVATION
1912,-200,brush,231,0,1551102183283,ELEVATION
1912,-200,brush,231,0,1551102183300,ELEVATION
1912,-200,brush,231,0,1551102185333,ELEVATION
1912,-200,brush,231,0,1551102185349,ELEVATION
1912,-200,brush,231,0,1551102185366,ELEVATION
1912,-200,brush,231,0,1551102185382,ELEVATION
1912,-200,brush,231,0,1551102185400,ELEVATION
1948.5714285714284,-163.42857142857144,brush,231,0,1551102185417,ELEVATION
2067.4285714285716,-44.571428571428555,brush,234.99999999999997,3.9999999999999982,1551102185433,ELEVATION
2186.285714285714,74.28571428571433,brush,248.00000000000003,17.000000000000004,1551102185449,ELEVATION
2296,184,brush,261,30.000000000000004,1551102185466,ELEVATION
2378.285714285714,266.2857142857142,brush,273,42,1551102185482,ELEVATION
2424,312,brush,282,50.99999999999999,1551102185500,ELEVATION
2460.5714285714284,348.57142857142867,brush,287,56,1551102185516,ELEVATION
2488,376,brush,291,60.00000000000001,1551102185532,ELEVATION
2524.5714285714284,412.57142857142867,brush,294,63,1551102185550,ELEVATION
2570.285714285714,458.2857142857142,brush,298,67,1551102185566,ELEVATION
2625.142857142857,513.1428571428571,brush,303,71.99999999999999,1551102185583,ELEVATION
2689.142857142857,577.1428571428571,brush,309,78,1551102185600,ELEVATION
2734.857142857143,622.8571428571429,brush,316,85,1551102185616,ELEVATION
2762.285714285714,650.2857142857142,brush,321.00000000000006,90.00000000000001,1551102185633,ELEVATION
2771.4285714285716,659.4285714285713,brush,324,92.99999999999999,1551102185649,ELEVATION
2780.5714285714284,668.5714285714284,brush,325,93.99999999999999,1551102185666,ELEVATION
2789.714285714286,677.7142857142858,brush,326,94.99999999999999,1551102185682,ELEVATION
2835.4285714285716,723.4285714285713,brush,327,96,1551102185699,ELEVATION
2890.285714285714,778.2857142857142,brush,332,100.99999999999999,1551102185716,ELEVATION
2926.857142857143,814.8571428571429,brush,338,107,1551102185733,ELEVATION
2954.285714285714,842.2857142857142,brush,342,111.00000000000001,1551102185749,ELEVATION
2963.4285714285716,851.4285714285713,brush,345,113.99999999999999,1551102185768,ELEVATION
2954.285714285714,842.2857142857142,brush,346.00000000000006,114.99999999999999,1551102185951,ELEVATION
2945.142857142857,833.1428571428571,brush,345,113.99999999999999,1551102185983,ELEVATION
2936,824,brush,343.99999999999994,113,1551102185999,ELEVATION
2926.857142857143,814.8571428571429,brush,343,112,1551102186016,ELEVATION
2917.714285714286,805.7142857142858,brush,342,111.00000000000001,1551102186049,ELEVATION
2899.4285714285716,787.4285714285713,brush,341,110,1551102186166,ELEVATION
2872,760,brush,339,108,1551102186182,ELEVATION
2835.4285714285716,723.4285714285713,brush,336,105,1551102186199,ELEVATION
2780.5714285714284,668.5714285714284,brush,332,100.99999999999999,1551102186216,ELEVATION
2725.714285714286,613.7142857142858,brush,326,94.99999999999999,1551102186232,ELEVATION
2680,568,brush,320,89,1551102186249,ELEVATION
2616,504,brush,315,84,1551102186266,ELEVATION
2506.285714285714,394.2857142857142,brush,308,77,1551102186282,ELEVATION
2323.4285714285716,211.42857142857133,brush,296,64.99999999999999,1551102186299,ELEVATION
2131.4285714285716,19.428571428571445,brush,276,44.999999999999986,1551102186316,ELEVATION
1912,-200,brush,255.00000000000003,24,1551102186332,ELEVATION
1912,-200,brush,231,0,1551102186349,ELEVATION
1912,-200,brush,231,0,1551102186366,ELEVATION
,,mouseout,,,1551102186382,ELEVATION
,,mouseover,,,1551102186382,ELEVATION
1912,-200,brush,231,0,1551102186382,ELEVATION
,,mouseout,,,1551102186400,ELEVATION
,,mouseover,,,1551102186400,ELEVATION
1912,-200,brush,231,0,1551102186400,ELEVATION
,,mouseout,,,1551102186666,ELEVATION
,,mouseover,,,1551102186682,RECORD_DATE
,,mouseout,,,1551102186966,RECORD_DATE
,,mouseover,,,1551102186966,SNOW
,,mouseout,,,1551102187013,SNOW
,,mouseover,,,1551102187013,SNOW
,,mouseout,,,1551102187166,SNOW
,,mouseover,,,1551102187600,SNOW
,,mouseout,,,1551102187732,SNOW
,,taskend,,,1551102188535,
,,mouseover,,,1551102188816,SNOW
,,mouseout,,,1551102188832,SNOW
,,mouseover,,,1551102188832,SNOW
,,mouseout,,,1551102188899,SNOW
,,mouseover,,,1551102188899,SNOW
,,mouseout,,,1551102188916,SNOW
,,mouseover,,,1551102188916,LONGITUDE
,,mouseout,,,1551102188971,LONGITUDE
,,mouseover,,,1551102188971,LONGITUDE
,,mouseout,,,1551102188983,LONGITUDE
,,mouseover,,,1551102188983,TEMP_MIN
