,,taskstart,,,1551103482638,
,,mouseover,,,1551103482867,Release_Date
,,mouseout,,,1551103483190,Release_Date
,,mouseover,,,1551103486651,Release_Date
,,mouseout,,,1551103486817,Release_Date
,,mouseover,,,1551103486817,Release_Date
,,down,,,1551103487841,
,,brushStart,,,1551103487841,Release_Date
318255860571.4286,318255860571.4286,brush,,,1551103487950,Release_Date
318255860571.4286,318255860571.4286,brush,,,1551103487980,Release_Date
334486224000,318255860571.4286,brush,,,1551103488001,Release_Date
350716587428.5714,318255860571.4286,brush,7,1.0000000000000064,1551103488032,Release_Date
366946950857.1428,318255860571.4286,brush,12.999999999999993,1.0000000000000064,1551103488058,Release_Date
,,mouseout,,,1551103488081,Release_Date
,,mouseover,,,1551103488081,Release_Date
369652011428.5714,318255860571.4286,brush,18.999999999999986,1.0000000000000064,1551103488081,Release_Date
372357072000,318255860571.4286,brush,19.999999999999993,1.0000000000000064,1551103488099,Release_Date
372357072000,318255860571.4286,brush,21,1.0000000000000064,1551103488122,Release_Date
375062132571.4286,318255860571.4286,brush,21,1.0000000000000064,1551103488135,Release_Date
377767193142.8571,318255860571.4286,brush,22.000000000000007,1.0000000000000064,1551103488154,Release_Date
380472253714.2857,318255860571.4286,brush,22.99999999999999,1.0000000000000064,1551103488171,Release_Date
380472253714.2857,318255860571.4286,brush,23.999999999999996,1.0000000000000064,1551103488192,Release_Date
385882374857.1428,318255860571.4286,brush,23.999999999999996,1.0000000000000064,1551103488201,Release_Date
388587435428.5714,318255860571.4286,brush,25.999999999999986,1.0000000000000064,1551103488219,Release_Date
,,mouseout,,,1551103488234,Release_Date
,,mouseover,,,1551103488234,Release_Date
393997556571.4286,318255860571.4286,brush,26.999999999999993,1.0000000000000064,1551103488235,Release_Date
402112738285.7143,318255860571.4286,brush,29.000000000000007,1.0000000000000064,1551103488251,Release_Date
410227920000,318255860571.4286,brush,32.00000000000001,1.0000000000000064,1551103488268,Release_Date
421048162285.7143,318255860571.4286,brush,35,1.0000000000000064,1551103488285,Release_Date
,,mouseout,,,1551103488302,Release_Date
,,mouseover,,,1551103488302,Release_Date
426458283428.5714,318255860571.4286,brush,39,1.0000000000000064,1551103488302,Release_Date
429163344000,318255860571.4286,brush,40.99999999999999,1.0000000000000064,1551103488318,Release_Date
431868404571.4286,318255860571.4286,brush,42,1.0000000000000064,1551103488357,Release_Date
431868404571.4286,318255860571.4286,brush,43.00000000000001,1.0000000000000064,1551103488373,Release_Date
437278525714.2857,318255860571.4286,brush,43.00000000000001,1.0000000000000064,1551103488385,Release_Date
439983586285.7143,318255860571.4286,brush,44.99999999999999,1.0000000000000064,1551103488402,Release_Date
445393707428.5714,318255860571.4286,brush,46.00000000000001,1.0000000000000064,1551103488417,Release_Date
448098768000,318255860571.4286,brush,47.99999999999999,1.0000000000000064,1551103488434,Release_Date
448098768000,318255860571.4286,brushEnd,49.00000000000001,1.0000000000000064,1551103488469,Release_Date
,,mouseout,,,1551103488667,Release_Date
,,mouseover,,,1551103488667,Release_Date
,,down,,,1551103489721,
450803828571.4286,320960921142.8572,brush,49.00000000000001,1.0000000000000064,1551103489765,Release_Date
453508889142.8571,323665981714.2857,brush,50.00000000000001,2.000000000000013,1551103489784,Release_Date
464329131428.5714,334486224000,brush,50.99999999999999,2.9999999999999964,1551103489800,Release_Date
491379737142.8571,361536829714.2857,brush,54.999999999999986,7,1551103489818,Release_Date
523840464000,393997556571.4286,brush,64.99999999999999,16.999999999999996,1551103489833,Release_Date
559006251428.5714,429163344000,brush,77,29.000000000000007,1551103489851,Release_Date
596877099428.5714,467034192000,brush,89.99999999999999,42,1551103489867,Release_Date
623927705142.8572,494084797714.2857,brush,103.99999999999999,56,1551103489884,Release_Date
637453008000,507610100571.4285,brush,114,66,1551103489901,Release_Date
648273250285.7144,518430342857.1429,brush,119.00000000000001,70.99999999999999,1551103489917,Release_Date
650978310857.1428,521135403428.5715,brush,123.00000000000001,75,1551103490102,Release_Date
659093492571.4285,529250585142.8571,brush,123.99999999999999,76.00000000000001,1551103490117,Release_Date
672618795428.5715,542775888000.00006,brush,126.99999999999997,78.99999999999999,1551103490134,Release_Date
683439037714.2856,553596130285.7144,brush,132.00000000000006,84.00000000000003,1551103490151,Release_Date
699669401142.8572,569826493714.2856,brush,135.99999999999997,88.00000000000003,1551103490167,Release_Date
713194704000,583351796571.4285,brush,142,93.99999999999999,1551103490184,Release_Date
729425067428.5715,599582160000,brush,147,98.99999999999996,1551103490201,Release_Date
745655430857.1428,615812523428.5713,brush,153.00000000000006,105,1551103490218,Release_Date
764590854857.1428,634747947428.5713,brush,158.99999999999997,110.99999999999996,1551103490233,Release_Date
780821218285.7144,650978310857.1428,brush,166,117.99999999999996,1551103490253,Release_Date
786231339428.5715,656388432000,brush,172.00000000000003,123.99999999999999,1551103490268,Release_Date
783526278857.1428,653683371428.5713,brush,174.00000000000006,126,1551103491940,Release_Date
775411097142.8572,645568189714.2856,brush,173,124.99999999999994,1551103491953,Release_Date
759180733714.2856,629337826285.7144,brush,170.00000000000003,121.99999999999997,1551103491967,Release_Date
742950370285.7144,613107462857.1428,brush,163.99999999999997,116.00000000000003,1551103491983,Release_Date
726720006857.1428,596877099428.5713,brush,158.00000000000003,109.99999999999997,1551103492001,Release_Date
715899764571.4285,586056857142.8572,brush,152,103.99999999999994,1551103492018,Release_Date
710489643428.5715,580646736000,brush,147.99999999999997,100.00000000000001,1551103492034,Release_Date
721309885714.2856,591466978285.7144,brush,146.00000000000003,98.00000000000001,1551103492134,Release_Date
751065552000,621222644571.4285,brush,149.99999999999997,102.00000000000001,1551103492150,Release_Date
783526278857.1428,653683371428.5713,brush,161,112.99999999999996,1551103492167,Release_Date
813281945142.8572,683439037714.2856,brush,173,124.99999999999994,1551103492184,Release_Date
834922429714.2856,705079522285.7144,brush,184.00000000000003,135.99999999999997,1551103492201,Release_Date
851152793142.8572,721309885714.2856,brush,191.99999999999997,144.00000000000003,1551103492218,Release_Date
856562914285.7144,726720006857.1428,brush,198,149.99999999999997,1551103492241,Release_Date
859267974857.1428,729425067428.5713,brush,200.00000000000003,152,1551103492484,Release_Date
870088217142.8572,740245309714.2856,brush,201,152.99999999999994,1551103492501,Release_Date
878203398857.1428,748360491428.5713,brush,205,156.99999999999997,1551103492516,Release_Date
886318580571.4285,756475673142.8572,brush,207.99999999999997,159.99999999999994,1551103492534,Release_Date
889023641142.8572,759180733714.2856,brush,210.99999999999997,163,1551103492551,Release_Date
891728701714.2856,761885794285.7144,brush,212.00000000000003,163.99999999999997,1551103492566,Release_Date
894433762285.7144,764590854857.1428,brush,213,165.00000000000003,1551103492684,Release_Date
899843883428.5715,770000976000,brush,214.00000000000003,166,1551103492700,Release_Date
902548944000,772706036571.4285,brush,216.00000000000003,168,1551103492717,Release_Date
905254004571.4285,775411097142.8572,brush,217,168.99999999999997,1551103492733,Release_Date
907959065142.8572,778116157714.2856,brush,217.99999999999997,170.00000000000003,1551103492780,Release_Date
910664125714.2856,780821218285.7144,brush,219.00000000000003,170.99999999999997,1551103492818,Release_Date
913369186285.7144,783526278857.1428,brush,219.99999999999994,172.00000000000003,1551103492850,Release_Date
918779307428.5715,788936400000,brush,221,173,1551103492884,Release_Date
926894489142.8572,797051581714.2856,brush,223.00000000000003,175,1551103492901,Release_Date
929599549714.2856,799756642285.7144,brush,226.00000000000003,177.99999999999997,1551103492917,Release_Date
932304610285.7144,802461702857.1428,brush,226.99999999999997,179,1551103492934,Release_Date
935009670857.1428,805166763428.5713,brush,228,179.99999999999997,1551103492950,Release_Date
937714731428.5715,807871824000,brush,229,180.99999999999994,1551103492967,Release_Date
943124852571.4285,813281945142.8572,brush,230.00000000000003,182,1551103492984,Release_Date
945829913142.8572,815987005714.2856,brush,231.99999999999994,184.00000000000003,1551103493068,Release_Date
943124852571.4285,813281945142.8572,brush,233,184.99999999999997,1551103493389,Release_Date
926894489142.8572,797051581714.2856,brush,231.99999999999994,184.00000000000003,1551103493401,Release_Date
,,mouseout,,,1551103493418,Release_Date
,,mouseover,,,1551103493418,Release_Date
880908459428.5715,751065552000,brush,226.00000000000003,177.99999999999997,1551103493418,Release_Date
,,mouseout,,,1551103493435,Release_Date
,,mouseover,,,1551103493435,Release_Date
807871824000,678028916571.4285,brush,209.00000000000006,161,1551103493435,Release_Date
729425067428.5715,599582160000,brush,182,133.99999999999994,1551103493452,Release_Date
656388432000,526545524571.4285,brush,153.00000000000006,105,1551103493468,Release_Date
,,mouseout,,,1551103493483,Release_Date
,,mouseover,,,1551103493483,Release_Date
604992281142.8572,475149373714.2857,brush,126,77.99999999999999,1551103493484,Release_Date
,,mouseout,,,1551103493500,Release_Date
,,mouseover,,,1551103493500,Release_Date
580646736000,450803828571.4286,brush,107.00000000000001,59,1551103493501,Release_Date
572531554285.7144,442688646857.1429,brush,98.00000000000001,50.00000000000001,1551103493518,Release_Date
569826493714.2856,439983586285.7143,brush,95.00000000000003,47.00000000000001,1551103493572,Release_Date
567121433142.8572,437278525714.2857,brush,93.99999999999999,46.00000000000001,1551103493585,Release_Date
559006251428.5714,429163344000,brush,93.00000000000001,44.99999999999999,1551103493601,Release_Date
550891069714.2856,421048162285.7143,brush,89.99999999999999,42,1551103493616,Release_Date
542775888000,412932980571.4286,brush,86.99999999999997,39,1551103493633,Release_Date
537365766857.1429,407522859428.5715,brush,84,36.00000000000001,1551103493650,Release_Date
531955645714.2857,402112738285.7143,brush,82.00000000000001,34.000000000000014,1551103493667,Release_Date
521135403428.5714,391292496000,brush,80,32.00000000000001,1551103493684,Release_Date
510315161142.8571,380472253714.2857,brush,76,28,1551103493700,Release_Date
499494918857.1429,369652011428.5715,brush,71.99999999999999,23.999999999999996,1551103493718,Release_Date
483264555428.5714,353421648000,brush,68.00000000000001,20.000000000000018,1551103493735,Release_Date
458919010285.7143,329076102857.1429,brush,61.99999999999999,14,1551103493751,Release_Date
,,mouseout,,,1551103493766,Release_Date
,,mouseover,,,1551103493766,Release_Date
445393707428.5714,315550800000,brush,53.00000000000001,5.00000000000001,1551103493767,Release_Date
,,mouseout,,,1551103493784,Release_Date
,,mouseover,,,1551103493784,Release_Date
445393707428.5714,315550800000,brush,47.99999999999999,0,1551103493784,Release_Date
,,mouseout,,,1551103494634,Release_Date
,,mouseover,,,1551103494634,Release_Date
,,mouseout,,,1551103495183,Release_Date
,,mouseover,,,1551103495183,Release_Date
,,down,,,1551103496008,
450803828571.4285,320960921142.8571,brush,47.99999999999999,0,1551103496133,Release_Date
461624070857.1428,331781163428.5714,brush,49.999999999999986,1.9999999999999902,1551103496150,Release_Date
472444313142.8571,342601405714.2857,brush,53.999999999999986,5.999999999999993,1551103496167,Release_Date
480559494857.1428,350716587428.5714,brush,57.999999999999986,9.999999999999996,1551103496183,Release_Date
491379737142.8571,361536829714.2857,brush,60.999999999999986,12.999999999999993,1551103496200,Release_Date
496789858285.71423,366946950857.1428,brush,64.99999999999999,16.999999999999996,1551103496217,Release_Date
504905040000,375062132571.4286,brush,66.99999999999997,18.999999999999986,1551103496234,Release_Date
518430342857.1428,388587435428.5714,brush,70,22.000000000000007,1551103496251,Release_Date
531955645714.2857,402112738285.7143,brush,74.99999999999999,26.999999999999993,1551103496267,Release_Date
545480948571.4286,415638041142.8572,brush,80,32.00000000000001,1551103496283,Release_Date
556301190857.1428,426458283428.5714,brush,85.00000000000001,37.000000000000014,1551103496300,Release_Date
572531554285.7142,442688646857.1428,brush,88.99999999999999,40.99999999999999,1551103496317,Release_Date
583351796571.4285,453508889142.8571,brush,94.99999999999997,46.99999999999999,1551103496334,Release_Date
591466978285.7142,461624070857.1428,brush,98.99999999999996,50.99999999999999,1551103496350,Release_Date
602287220571.4285,472444313142.8571,brush,101.99999999999999,53.999999999999986,1551103496369,Release_Date
618517584000,488674676571.4286,brush,105.99999999999997,57.999999999999986,1551103496383,Release_Date
648273250285.7142,518430342857.1428,brush,112,64.00000000000001,1551103496400,Release_Date
680733977142.857,550891069714.2856,brush,122.99999999999999,74.99999999999999,1551103496417,Release_Date
710489643428.5714,580646736000,brush,134.99999999999997,86.99999999999997,1551103496433,Release_Date
734835188571.4286,604992281142.8572,brush,146,98.00000000000001,1551103496449,Release_Date
751065551999.9999,621222644571.4285,brush,155,107.00000000000001,1551103496466,Release_Date
761885794285.7142,632042886857.1428,brush,160.99999999999994,112.99999999999996,1551103496483,Release_Date
770000975999.9999,640158068571.4285,brush,164.99999999999997,116.99999999999999,1551103496500,Release_Date
772706036571.4286,642863129142.8572,brush,167.99999999999994,119.99999999999996,1551103496516,Release_Date
775411097142.857,645568189714.2856,brush,169,121.00000000000001,1551103496534,Release_Date
780821218285.7142,650978310857.1428,brush,169.99999999999997,121.99999999999997,1551103496550,Release_Date
786231339428.5714,656388432000,brush,171.99999999999997,123.99999999999999,1551103496566,Release_Date
791641460571.4286,661798553142.8572,brush,174,126,1551103496583,Release_Date
794346521142.857,664503613714.2856,brush,176,128.00000000000003,1551103496617,Release_Date
797051581714.2856,667208674285.7142,brush,176.99999999999997,128.99999999999997,1551103496668,Release_Date
799756642285.7142,669913734857.1428,brush,177.99999999999997,129.99999999999997,1551103496683,Release_Date
805166763428.5714,675323856000,brush,178.99999999999997,130.99999999999997,1551103496700,Release_Date
807871823999.9999,678028916571.4285,brush,181,133,1551103496716,Release_Date
810576884571.4286,680733977142.8572,brush,181.99999999999997,133.99999999999994,1551103496734,Release_Date
807871823999.9999,678028916571.4285,brush,183.00000000000003,135,1551103497117,Release_Date
805166763428.5714,675323856000,brush,181.99999999999997,133.99999999999994,1551103497168,Release_Date
802461702857.1428,672618795428.5714,brush,181,133,1551103497201,Release_Date
799756642285.7142,669913734857.1428,brush,179.99999999999997,132,1551103497652,Release_Date
794346521142.857,664503613714.2856,brush,178.99999999999997,130.99999999999997,1551103498197,Release_Date
767295915428.5714,637453008000,brush,176.99999999999997,128.99999999999997,1551103498217,Release_Date
,,mouseout,,,1551103498234,Release_Date
,,mouseover,,,1551103498234,Release_Date
724014946285.7142,594172038857.1428,brush,167,119.00000000000001,1551103498234,Release_Date
,,mouseout,,,1551103498249,Release_Date
,,mouseover,,,1551103498249,Release_Date
664503613714.2856,534660706285.71423,brush,150.99999999999997,102.99999999999999,1551103498249,Release_Date
613107462857.1428,483264555428.5714,brush,128.99999999999997,80.99999999999999,1551103498267,Release_Date
,,mouseout,,,1551103498284,Release_Date
,,mouseover,,,1551103498284,Release_Date
580646736000,450803828571.4286,brush,109.99999999999997,61.99999999999999,1551103498284,Release_Date
,,mouseout,,,1551103498300,Release_Date
,,mouseover,,,1551103498300,Release_Date
564416372571.4285,434573465142.8571,brush,98.00000000000001,50.00000000000001,1551103498300,Release_Date
561711312000,431868404571.4286,brush,91.99999999999996,43.99999999999999,1551103498318,Release_Date
559006251428.5714,429163344000,brush,91,43.00000000000001,1551103498384,Release_Date
550891069714.2856,421048162285.71423,brush,89.99999999999999,42,1551103498400,Release_Date
534660706285.71423,404817798857.1428,brush,86.99999999999997,38.99999999999998,1551103498416,Release_Date
518430342857.1428,388587435428.5714,brush,80.99999999999999,32.999999999999986,1551103498434,Release_Date
502199979428.5714,372357072000,brush,74.99999999999999,26.999999999999993,1551103498450,Release_Date
488674676571.4285,358831769142.8571,brush,68.99999999999999,21,1551103498467,Release_Date
477854434285.71423,348011526857.1428,brush,63.99999999999998,15.999999999999991,1551103498484,Release_Date
464329131428.5714,334486224000,brush,59.99999999999998,11.999999999999986,1551103498500,Release_Date
450803828571.4285,320960921142.8571,brush,54.999999999999986,7,1551103498517,Release_Date
445393707428.5714,315550800000,brush,49.999999999999986,1.9999999999999902,1551103498551,Release_Date
445393707428.5714,315550800000,brush,47.99999999999999,0,1551103498567,Release_Date
,,mouseout,,,1551103498584,Release_Date
,,mouseover,,,1551103498584,Release_Date
445393707428.5714,315550800000,brush,47.99999999999999,0,1551103498584,Release_Date
445393707428.5714,315550800000,brush,47.99999999999999,0,1551103498601,Release_Date
,,mouseout,,,1551103498617,Release_Date
,,mouseover,,,1551103498617,Release_Date
,,mouseout,,,1551103498884,Release_Date
,,mouseover,,,1551103498884,Release_Date
,,mouseout,,,1551103498900,Release_Date
,,mouseover,,,1551103498900,Release_Date
499494918857.1428,369652011428.5714,brush,47.99999999999999,0,1551103498901,Release_Date
577941675428.5714,448098768000,brush,67.99999999999999,19.999999999999993,1551103498917,Release_Date
640158068571.4285,510315161142.8571,brush,97,49.00000000000001,1551103498934,Release_Date
683439037714.2858,553596130285.7144,brush,119.99999999999996,71.99999999999999,1551103498951,Release_Date
702374461714.2856,572531554285.7142,brush,136.00000000000003,88.00000000000003,1551103498967,Release_Date
705079522285.7142,575236614857.1428,brush,142.99999999999997,94.99999999999997,1551103498983,Release_Date
702374461714.2856,572531554285.7142,brush,143.99999999999997,95.99999999999999,1551103499453,Release_Date
699669401142.857,569826493714.2856,brush,142.99999999999997,94.99999999999997,1551103499467,Release_Date
686144098285.7142,556301190857.1428,brush,141.99999999999997,93.99999999999999,1551103499484,Release_Date
,,mouseout,,,1551103499500,Release_Date
,,mouseover,,,1551103499500,Release_Date
656388432000,526545524571.4286,brush,136.99999999999997,88.99999999999999,1551103499501,Release_Date
,,mouseout,,,1551103499516,Release_Date
,,mouseover,,,1551103499516,Release_Date
632042886857.1428,502199979428.5714,brush,126,78,1551103499517,Release_Date
610402402285.7142,480559494857.1428,brush,116.99999999999999,68.99999999999999,1551103499534,Release_Date
591466978285.7142,461624070857.1428,brush,108.99999999999999,60.999999999999986,1551103499550,Release_Date
572531554285.7142,442688646857.1428,brush,101.99999999999999,53.999999999999986,1551103499567,Release_Date
550891069714.2856,421048162285.71423,brush,94.99999999999997,46.99999999999999,1551103499583,Release_Date
531955645714.2857,402112738285.7143,brush,86.99999999999997,38.99999999999998,1551103499601,Release_Date
513020221714.2857,383177314285.7143,brush,80,32.00000000000001,1551103499617,Release_Date
504905040000,375062132571.4286,brush,73,25.000000000000004,1551103499633,Release_Date
499494918857.1428,369652011428.5714,brush,70,22.000000000000007,1551103499650,Release_Date
496789858285.71423,366946950857.1428,brush,67.99999999999999,19.999999999999993,1551103499667,Release_Date
491379737142.8571,361536829714.2857,brush,66.99999999999997,18.999999999999986,1551103499684,Release_Date
485969616000,356126708571.4286,brush,64.99999999999999,16.999999999999996,1551103499700,Release_Date
477854434285.71423,348011526857.1428,brush,63,15.000000000000007,1551103499717,Release_Date
467034192000,337191284571.4286,brush,59.99999999999998,11.999999999999986,1551103499734,Release_Date
456213949714.2857,326371042285.7143,brush,56,8.000000000000005,1551103499750,Release_Date
445393707428.5714,315550800000,brush,51.99999999999999,4.000000000000003,1551103499767,Release_Date
445393707428.5714,315550800000,brush,47.99999999999999,0,1551103499784,Release_Date
445393707428.5714,315550800000,brush,47.99999999999999,0,1551103499801,Release_Date
,,mouseout,,,1551103499818,Release_Date
,,mouseover,,,1551103499818,Release_Date
445393707428.5714,315550800000,brush,47.99999999999999,0,1551103499818,Release_Date
445393707428.5714,315550800000,brush,47.99999999999999,0,1551103499834,Release_Date
445393707428.5714,315550800000,brush,47.99999999999999,0,1551103499850,Release_Date
445393707428.5714,315550800000,brush,47.99999999999999,0,1551103499867,Release_Date
,,mouseout,,,1551103499900,Release_Date
,,mouseover,,,1551103499900,Release_Date
,,mouseout,,,1551103500167,Release_Date
,,mouseover,,,1551103500167,Release_Date
,,mouseout,,,1551103500183,Release_Date
,,mouseover,,,1551103500183,Release_Date
445393707428.5714,315550800000,brush,47.99999999999999,0,1551103500183,Release_Date
480559494857.1428,350716587428.5714,brush,47.99999999999999,0,1551103500201,Release_Date
531955645714.2857,402112738285.7143,brush,60.999999999999986,12.999999999999993,1551103500217,Release_Date
583351796571.4285,453508889142.8571,brush,80,32.00000000000001,1551103500233,Release_Date
632042886857.1428,502199979428.5714,brush,98.99999999999996,50.99999999999999,1551103500250,Release_Date
680733977142.857,550891069714.2856,brush,116.99999999999999,68.99999999999999,1551103500267,Release_Date
710489643428.5714,580646736000,brush,134.99999999999997,86.99999999999997,1551103500283,Release_Date
737540249142.857,607697341714.2856,brush,146,98.00000000000001,1551103500300,Release_Date
740245309714.2856,610402402285.7142,brush,155.99999999999997,107.99999999999997,1551103500317,Release_Date
742950370285.7142,613107462857.1428,brush,156.99999999999997,108.99999999999999,1551103500373,Release_Date
745655430857.1428,615812523428.5714,brush,157.99999999999997,109.99999999999997,1551103500401,Release_Date
753770612571.4286,623927705142.8572,brush,158.99999999999997,110.99999999999999,1551103500417,Release_Date
761885794285.7142,632042886857.1428,brush,162,114,1551103500434,Release_Date
775411097142.857,645568189714.2856,brush,164.99999999999997,116.99999999999999,1551103500450,Release_Date
783526278857.1428,653683371428.5714,brush,169.99999999999997,121.99999999999997,1551103500467,Release_Date
794346521142.857,664503613714.2856,brush,173,125,1551103500483,Release_Date
807871823999.9999,678028916571.4285,brush,176.99999999999997,128.99999999999997,1551103500500,Release_Date
813281945142.857,683439037714.2856,brush,181.99999999999997,133.99999999999994,1551103500517,Release_Date
818692066285.7142,688849158857.1428,brush,183.99999999999994,135.99999999999997,1551103500534,Release_Date
821397126857.1428,691554219428.5714,brush,185.99999999999997,137.99999999999997,1551103500572,Release_Date
824102187428.5714,694259280000,brush,187,139,1551103500634,Release_Date
829512308571.4286,699669401142.8572,brush,188,140,1551103500650,Release_Date
832217369142.857,702374461714.2856,brush,190.00000000000003,142,1551103500667,Release_Date
840332550857.1428,710489643428.5714,brush,190.99999999999997,142.99999999999997,1551103500683,Release_Date
845742671999.9999,715899764571.4285,brush,194,146,1551103500700,Release_Date
851152793142.857,721309885714.2856,brush,195.99999999999994,147.99999999999997,1551103500717,Release_Date
853857853714.2856,724014946285.7142,brush,197.99999999999997,149.99999999999997,1551103500734,Release_Date
856562914285.7142,726720006857.1428,brush,198.99999999999997,150.99999999999997,1551103500750,Release_Date
859267974857.1428,729425067428.5714,brush,200,152,1551103500767,Release_Date
867383156571.4286,737540249142.8572,brush,201,153,1551103500783,Release_Date
872793277714.2856,742950370285.7142,brush,204,156,1551103500801,Release_Date
875498338285.7142,745655430857.1428,brush,205.99999999999997,157.99999999999997,1551103500817,Release_Date
878203398857.1428,748360491428.5714,brush,207,158.99999999999997,1551103500834,Release_Date
883613519999.9999,753770612571.4285,brush,207.99999999999997,160,1551103500900,Release_Date
886318580571.4286,756475673142.8572,brush,209.99999999999994,161.99999999999997,1551103500917,Release_Date
889023641142.857,759180733714.2856,brush,211,163,1551103500934,Release_Date
891728701714.2856,761885794285.7142,brush,211.99999999999997,163.99999999999997,1551103501000,Release_Date
894433762285.7142,764590854857.1428,brush,213,164.99999999999997,1551103501017,Release_Date
897138822857.1428,767295915428.5714,brush,213.99999999999997,166,1551103501051,Release_Date
899843883428.5714,770000976000,brush,214.99999999999997,167,1551103501101,Release_Date
902548943999.9999,772706036571.4285,brush,216,168,1551103501188,Release_Date
905254004571.4286,775411097142.8572,brush,216.99999999999997,168.99999999999997,1551103501234,Release_Date
907959065142.857,778116157714.2856,brush,218,170.00000000000003,1551103501250,Release_Date
910664125714.2856,780821218285.7142,brush,218.99999999999997,170.99999999999997,1551103501334,Release_Date
913369186285.7142,783526278857.1428,brush,219.99999999999994,171.99999999999997,1551103501350,Release_Date
916074246857.1428,786231339428.5714,brush,220.99999999999997,173,1551103501367,Release_Date
918779307428.5714,788936400000,brush,221.99999999999997,174,1551103501451,Release_Date
921484367999.9999,791641460571.4285,brush,223,175,1551103501549,Release_Date
924189428571.4286,794346521142.8572,brush,223.99999999999997,175.99999999999997,1551103501644,Release_Date
926894489142.857,797051581714.2856,brush,225.00000000000003,177.00000000000003,1551103501717,Release_Date
,,down,,,1551103502425,
926894489142.857,797051581714.2856,brush,225.99999999999994,177.99999999999997,1551103502525,Release_Date
929599549714.2856,799756642285.7142,brush,225.99999999999994,177.99999999999997,1551103502533,Release_Date
937714731428.5713,807871823999.9999,brush,226.99999999999997,178.99999999999997,1551103502550,Release_Date
945829913142.857,815987005714.2856,brush,229.99999999999997,181.99999999999997,1551103502566,Release_Date
953945094857.1428,824102187428.5714,brush,232.99999999999994,184.99999999999997,1551103502584,Release_Date
956650155428.5713,826807247999.9999,brush,236,188,1551103502601,Release_Date
959355215999.9999,829512308571.4285,brush,236.99999999999997,188.99999999999997,1551103502684,Release_Date
962060276571.4285,832217369142.857,brush,237.99999999999994,189.99999999999994,1551103502700,Release_Date
964765337142.857,834922429714.2856,brush,238.99999999999994,190.99999999999997,1551103502733,Release_Date
967470397714.2856,837627490285.7142,brush,239.99999999999997,191.99999999999997,1551103502750,Release_Date
970175458285.7142,840332550857.1428,brush,240.99999999999997,192.99999999999997,1551103502766,Release_Date
972880518857.1427,843037611428.5713,brush,242,194,1551103502783,Release_Date
975585579428.5713,845742671999.9999,brush,242.99999999999997,194.99999999999997,1551103502800,Release_Date
978290639999.9999,848447732571.4285,brush,243.99999999999994,195.99999999999994,1551103502817,Release_Date
980995700571.4285,851152793142.857,brush,244.99999999999994,196.99999999999994,1551103502836,Release_Date
983700761142.857,853857853714.2856,brush,245.99999999999997,197.99999999999997,1551103502868,Release_Date
986405821714.2856,856562914285.7142,brush,246.99999999999997,198.99999999999997,1551103502883,Release_Date
989110882285.7142,859267974857.1428,brush,247.99999999999997,200,1551103502900,Release_Date
991815942857.1427,861973035428.5713,brush,249,201,1551103502934,Release_Date
994521003428.5713,864678095999.9999,brush,249.99999999999991,201.99999999999994,1551103503029,Release_Date
997226063999.9999,867383156571.4285,brush,250.99999999999994,202.99999999999994,1551103503066,Release_Date
999931124571.4285,870088217142.857,brush,251.99999999999994,203.99999999999997,1551103503083,Release_Date
1002636185142.857,872793277714.2856,brush,252.99999999999997,204.99999999999997,1551103503100,Release_Date
1005341245714.2856,875498338285.7142,brush,253.99999999999997,205.99999999999997,1551103503133,Release_Date
1008046306285.7141,878203398857.1427,brush,255,207,1551103503183,Release_Date
1010751366857.1427,880908459428.5713,brush,255.99999999999991,207.99999999999994,1551103503216,Release_Date
1013456427428.5713,883613519999.9999,brush,256.99999999999994,208.99999999999994,1551103503252,Release_Date
1016161487999.9999,886318580571.4285,brush,257.99999999999994,209.99999999999994,1551103503300,Release_Date
1018866548571.4285,889023641142.857,brush,258.99999999999994,210.99999999999997,1551103503317,Release_Date
1021571609142.857,891728701714.2856,brush,259.99999999999994,211.99999999999997,1551103503333,Release_Date
1024276669714.2856,894433762285.7142,brush,261,213,1551103503350,Release_Date
1026981730285.7141,897138822857.1427,brush,261.99999999999994,213.99999999999997,1551103503367,Release_Date
1032391851428.5713,902548943999.9999,brush,262.99999999999994,214.99999999999994,1551103503383,Release_Date
1035096911999.9999,905254004571.4285,brush,264.99999999999994,216.99999999999997,1551103503401,Release_Date
1040507033142.857,910664125714.2856,brush,265.99999999999994,217.99999999999997,1551103503416,Release_Date
1043212093714.2856,913369186285.7142,brush,267.99999999999994,219.99999999999994,1551103503434,Release_Date
1045917154285.7141,916074246857.1427,brush,268.99999999999994,220.99999999999997,1551103503450,Release_Date
1048622214857.1427,918779307428.5713,brush,269.99999999999994,221.99999999999994,1551103503467,Release_Date
1051327275428.5713,921484367999.9999,brush,270.99999999999994,222.99999999999994,1551103503483,Release_Date
1054032335999.9999,924189428571.4285,brush,271.99999999999994,223.99999999999997,1551103503517,Release_Date
1056737396571.4285,926894489142.857,brush,272.99999999999994,224.99999999999997,1551103503549,Release_Date
1059442457142.857,929599549714.2856,brush,273.99999999999994,225.99999999999994,1551103503566,Release_Date
1064852578285.7141,935009670857.1427,brush,274.99999999999994,226.99999999999997,1551103503584,Release_Date
1070262699428.5713,940419791999.9999,brush,276.99999999999994,228.99999999999994,1551103503600,Release_Date
1075672820571.4285,945829913142.857,brush,278.99999999999994,230.99999999999997,1551103503616,Release_Date
1078377881142.857,948534973714.2856,brush,280.99999999999994,232.99999999999994,1551103503633,Release_Date
1081082941714.2856,951240034285.7142,brush,281.99999999999994,233.99999999999997,1551103503651,Release_Date
1086493062857.1427,956650155428.5713,brush,283,234.99999999999997,1551103503666,Release_Date
1091903183999.9999,962060276571.4285,brush,284.99999999999994,236.99999999999997,1551103503683,Release_Date
1100018365714.2856,970175458285.7142,brush,286.99999999999994,238.99999999999994,1551103503700,Release_Date
1105428486857.1426,975585579428.5713,brush,290,242,1551103503716,Release_Date
1110838608000,980995700571.4285,brush,291.9999999999999,243.99999999999994,1551103503733,Release_Date
1116248729142.857,986405821714.2856,brush,294,245.99999999999997,1551103503750,Release_Date
1118953789714.2856,989110882285.7142,brush,295.99999999999994,247.99999999999997,1551103503767,Release_Date
1124363910857.1426,994521003428.5713,brush,297,249,1551103503800,Release_Date
1127068971428.5713,997226063999.9999,brush,298.9999999999999,250.99999999999994,1551103503817,Release_Date
1129774032000,999931124571.4285,brush,299.99999999999994,251.99999999999994,1551103503833,Release_Date
1135184153142.857,1005341245714.2856,brush,301,252.99999999999997,1551103503850,Release_Date
1137889213714.2856,1008046306285.7142,brush,302.99999999999994,255,1551103503867,Release_Date
1143299334857.1426,1013456427428.5713,brush,304,256,1551103503883,Release_Date
1146004395428.5713,1016161487999.9999,brush,305.9999999999999,257.99999999999994,1551103503900,Release_Date
1148709456000,1018866548571.4285,brush,306.99999999999994,258.99999999999994,1551103503917,Release_Date
1151414516571.4285,1021571609142.857,brush,308,259.99999999999994,1551103503933,Release_Date
1154119577142.857,1024276669714.2856,brush,309,261,1551103503949,Release_Date
1156824637714.2856,1026981730285.7142,brush,309.9999999999999,261.99999999999994,1551103504001,Release_Date
1159529698285.714,1029686790857.1427,brush,310.99999999999994,262.99999999999994,1551103504051,Release_Date
1162234758857.1426,1032391851428.5713,brush,311.99999999999994,263.99999999999994,1551103504067,Release_Date
1164939819428.5713,1035096911999.9999,brush,312.9999999999999,264.99999999999994,1551103504083,Release_Date
1167644880000,1037801972571.4285,brush,313.99999999999994,265.99999999999994,1551103504100,Release_Date
1170349940571.4285,1040507033142.857,brush,315,267,1551103504116,Release_Date
1173055001142.857,1043212093714.2856,brush,315.99999999999994,267.99999999999994,1551103504172,Release_Date
1175760061714.2856,1045917154285.7142,brush,316.99999999999994,268.99999999999994,1551103504200,Release_Date
1178465122285.714,1048622214857.1427,brush,317.99999999999994,270,1551103504216,Release_Date
1181170182857.1426,1051327275428.5713,brush,318.99999999999994,270.99999999999994,1551103504233,Release_Date
1183875243428.5713,1054032335999.9999,brush,319.9999999999999,271.99999999999994,1551103504267,Release_Date
1186580304000,1056737396571.4285,brush,320.99999999999994,272.99999999999994,1551103504283,Release_Date
1189285364571.4285,1059442457142.857,brush,322,273.99999999999994,1551103504300,Release_Date
1194695485714.2856,1064852578285.7142,brush,322.99999999999994,274.99999999999994,1551103504316,Release_Date
1200105606857.1426,1070262699428.5713,brush,325,277,1551103504333,Release_Date
1202810667428.5713,1072967759999.9999,brush,326.9999999999999,278.99999999999994,1551103504366,Release_Date
1205515728000,1075672820571.4286,brush,327.99999999999994,279.99999999999994,1551103504417,Release_Date
1208220788571.4285,1078377881142.857,brush,329,281,1551103504433,Release_Date
1210925849142.857,1081082941714.2855,brush,329.99999999999994,281.99999999999994,1551103504450,Release_Date
1213630909714.2856,1083788002285.7142,brush,330.99999999999994,282.99999999999994,1551103504466,Release_Date
1216335970285.714,1086493062857.1427,brush,332,284,1551103504500,Release_Date
1221746091428.5713,1091903183999.9999,brush,332.99999999999994,284.99999999999994,1551103504516,Release_Date
1224451152000,1094608244571.4286,brush,334.99999999999994,286.99999999999994,1551103504550,Release_Date
1227156212571.4285,1097313305142.857,brush,336,288,1551103504583,Release_Date
1229861273142.857,1100018365714.2856,brush,336.99999999999994,288.99999999999994,1551103504617,Release_Date
1232566333714.2856,1102723426285.7144,brush,337.99999999999994,290,1551103504633,Release_Date
1235271394285.714,1105428486857.1426,brush,339,291.00000000000006,1551103504666,Release_Date
1237976454857.1426,1108133547428.5713,brush,339.99999999999994,291.9999999999999,1551103504701,Release_Date
1240681515428.5713,1110838608000,brush,340.9999999999999,292.99999999999994,1551103504784,Release_Date
1243386576000,1113543668571.4287,brush,341.99999999999994,294,1551103504852,Release_Date
1246091636571.4285,1116248729142.857,brush,343,295.00000000000006,1551103504972,Release_Date
1248796697142.857,1118953789714.2856,brush,343.99999999999994,295.99999999999994,1551103505018,Release_Date
1251501757714.2856,1121658850285.7144,brush,344.99999999999994,297,1551103505033,Release_Date
1254206818285.714,1124363910857.1426,brush,346,298.00000000000006,1551103505101,Release_Date
1256911878857.1426,1127068971428.5713,brush,346.99999999999994,298.9999999999999,1551103505133,Release_Date
1259616939428.5713,1129774032000,brush,347.9999999999999,299.99999999999994,1551103505184,Release_Date
1262322000000,1132479092571.4287,brush,348.99999999999994,301,1551103505200,Release_Date
1262322000000,1132479092571.4285,brush,350,302.00000000000006,1551103505234,Release_Date
1262322000000,1132479092571.4287,brush,350,301.99999999999994,1551103505333,Release_Date
1262322000000,1132479092571.4287,brush,350,302.00000000000006,1551103505368,Release_Date
1262322000000,1132479092571.4285,brush,350,302.00000000000006,1551103505384,Release_Date
1262322000000,1132479092571.4287,brush,350,301.99999999999994,1551103505428,Release_Date
1262322000000,1132479092571.4287,brush,350,302.00000000000006,1551103505508,Release_Date
1262322000000,1132479092571.4287,brush,350,302.00000000000006,1551103505933,Release_Date
1262322000000,1132479092571.4287,brush,350,302.00000000000006,1551103505951,Release_Date
1254206818285.714,1124363910857.1426,brush,350,302.00000000000006,1551103505966,Release_Date
1248796697142.857,1118953789714.2856,brush,346.99999999999994,298.9999999999999,1551103505983,Release_Date
1246091636571.4285,1116248729142.857,brush,344.99999999999994,297,1551103506000,Release_Date
1243386576000,1113543668571.4287,brush,343.99999999999994,295.99999999999994,1551103506016,Release_Date
1240681515428.5713,1110838608000,brush,343,295.00000000000006,1551103506033,Release_Date
1237976454857.1426,1108133547428.5713,brush,341.99999999999994,294,1551103506050,Release_Date
1235271394285.714,1105428486857.1426,brush,340.9999999999999,292.99999999999994,1551103506066,Release_Date
1232566333714.2856,1102723426285.7144,brush,339.99999999999994,291.9999999999999,1551103506083,Release_Date
1229861273142.857,1100018365714.2856,brush,339,291.00000000000006,1551103506099,Release_Date
1221746091428.5713,1091903183999.9999,brush,337.99999999999994,290,1551103506116,Release_Date
1216335970285.714,1086493062857.1427,brush,334.99999999999994,286.99999999999994,1551103506132,Release_Date
1213630909714.2856,1083788002285.7142,brush,332.99999999999994,284.99999999999994,1551103506149,Release_Date
1208220788571.4285,1078377881142.857,brush,332,284,1551103506166,Release_Date
1205515728000,1075672820571.4286,brush,329.99999999999994,281.99999999999994,1551103506199,Release_Date
1202810667428.5713,1072967759999.9999,brush,329,281,1551103506216,Release_Date
1200105606857.1426,1070262699428.5713,brush,327.99999999999994,279.99999999999994,1551103506233,Release_Date
1197400546285.714,1067557638857.1427,brush,326.9999999999999,278.99999999999994,1551103506250,Release_Date
1194695485714.2856,1064852578285.7142,brush,325.99999999999994,277.99999999999994,1551103506286,Release_Date
1191990425142.857,1062147517714.2856,brush,325,277,1551103506372,Release_Date
1189285364571.4285,1059442457142.857,brush,323.99999999999994,275.99999999999994,1551103506417,Release_Date
1186580304000,1056737396571.4285,brush,322.99999999999994,274.99999999999994,1551103506467,Release_Date
1183875243428.5713,1054032335999.9999,brush,322,273.99999999999994,1551103506501,Release_Date
1181170182857.1426,1051327275428.5713,brush,320.99999999999994,272.99999999999994,1551103506533,Release_Date
1178465122285.714,1048622214857.1427,brush,319.9999999999999,271.99999999999994,1551103506724,Release_Date
1175760061714.2856,1045917154285.7142,brush,318.99999999999994,270.99999999999994,1551103506900,Release_Date
1173055001142.857,1043212093714.2856,brush,317.99999999999994,270,1551103506916,Release_Date
1170349940571.4285,1040507033142.857,brush,316.99999999999994,268.99999999999994,1551103506950,Release_Date
1167644880000,1037801972571.4285,brush,315.99999999999994,267.99999999999994,1551103506966,Release_Date
1162234758857.1426,1032391851428.5713,brush,315,267,1551103506983,Release_Date
1159529698285.714,1029686790857.1427,brush,312.9999999999999,264.99999999999994,1551103507000,Release_Date
1156824637714.2856,1026981730285.7142,brush,311.99999999999994,263.99999999999994,1551103507016,Release_Date
1148709456000,1018866548571.4285,brush,310.99999999999994,262.99999999999994,1551103507033,Release_Date
1140594274285.714,1010751366857.1427,brush,308,259.99999999999994,1551103507050,Release_Date
1129774032000,999931124571.4285,brush,304.99999999999994,256.99999999999994,1551103507066,Release_Date
1116248729142.857,986405821714.2856,brush,301,252.99999999999997,1551103507083,Release_Date
1110838608000,980995700571.4285,brush,295.99999999999994,247.99999999999997,1551103507100,Release_Date
1102723426285.714,972880518857.1427,brush,294,245.99999999999997,1551103507116,Release_Date
1094608244571.4285,964765337142.857,brush,290.99999999999994,242.99999999999997,1551103507133,Release_Date
1089198123428.5713,959355215999.9999,brush,287.99999999999994,239.99999999999997,1551103507150,Release_Date
1078377881142.857,948534973714.2856,brush,285.99999999999994,237.99999999999994,1551103507167,Release_Date
1067557638857.1427,937714731428.5713,brush,281.99999999999994,233.99999999999997,1551103507183,Release_Date
1062147517714.2856,932304610285.7142,brush,277.99999999999994,229.99999999999997,1551103507199,Release_Date
1056737396571.4285,926894489142.857,brush,275.99999999999994,227.99999999999997,1551103507216,Release_Date
1054032335999.9999,924189428571.4285,brush,273.99999999999994,225.99999999999994,1551103507233,Release_Date
1051327275428.5713,921484367999.9999,brush,272.99999999999994,224.99999999999997,1551103507250,Release_Date
1048622214857.1427,918779307428.5713,brush,271.99999999999994,223.99999999999997,1551103507267,Release_Date
1045917154285.7141,916074246857.1427,brush,270.99999999999994,222.99999999999994,1551103507333,Release_Date
1043212093714.2856,913369186285.7142,brush,269.99999999999994,221.99999999999994,1551103507349,Release_Date
1037801972571.4285,907959065142.857,brush,268.99999999999994,220.99999999999997,1551103507366,Release_Date
1035096911999.9999,905254004571.4285,brush,267,218.99999999999997,1551103507383,Release_Date
1029686790857.1427,899843883428.5713,brush,265.99999999999994,217.99999999999997,1551103507400,Release_Date
1026981730285.7141,897138822857.1427,brush,263.99999999999994,215.99999999999994,1551103507417,Release_Date
1021571609142.857,891728701714.2856,brush,262.99999999999994,214.99999999999994,1551103507432,Release_Date
1018866548571.4285,889023641142.857,brush,261,213,1551103507450,Release_Date
1016161487999.9999,886318580571.4285,brush,259.99999999999994,211.99999999999997,1551103507483,Release_Date
1010751366857.1427,880908459428.5713,brush,258.99999999999994,210.99999999999997,1551103507500,Release_Date
1008046306285.7141,878203398857.1427,brush,256.99999999999994,208.99999999999994,1551103507516,Release_Date
1005341245714.2856,875498338285.7142,brush,255.99999999999991,207.99999999999994,1551103507550,Release_Date
999931124571.4285,870088217142.857,brush,255,207,1551103507600,Release_Date
994521003428.5713,864678095999.9999,brush,252.99999999999997,204.99999999999997,1551103507616,Release_Date
983700761142.857,853857853714.2856,brush,250.99999999999994,202.99999999999994,1551103507633,Release_Date
972880518857.1427,843037611428.5713,brush,246.99999999999997,198.99999999999997,1551103507649,Release_Date
967470397714.2856,837627490285.7142,brush,242.99999999999997,194.99999999999997,1551103507666,Release_Date
962060276571.4285,832217369142.857,brush,240.99999999999997,192.99999999999997,1551103507683,Release_Date
959355215999.9999,829512308571.4285,brush,238.99999999999994,190.99999999999997,1551103507700,Release_Date
956650155428.5713,826807247999.9999,brush,237.99999999999994,189.99999999999994,1551103507733,Release_Date
953945094857.1428,824102187428.5714,brush,236.99999999999997,188.99999999999997,1551103507750,Release_Date
948534973714.2856,818692066285.7142,brush,236,188,1551103507767,Release_Date
943124852571.4285,813281945142.857,brush,233.99999999999997,185.99999999999997,1551103507783,Release_Date
940419791999.9999,810576884571.4285,brush,231.99999999999994,183.99999999999994,1551103507816,Release_Date
937714731428.5713,807871823999.9999,brush,230.99999999999997,182.99999999999997,1551103507868,Release_Date
935009670857.1428,805166763428.5714,brush,229.99999999999997,181.99999999999997,1551103507883,Release_Date
924189428571.4285,794346521142.857,brush,229,181,1551103507900,Release_Date
907959065142.857,778116157714.2856,brush,224.99999999999997,176.99999999999997,1551103507916,Release_Date
,,mouseout,,,1551103507933,Release_Date
,,mouseover,,,1551103507933,Release_Date
883613519999.9999,753770612571.4285,brush,218.99999999999997,170.99999999999997,1551103507933,Release_Date
,,mouseout,,,1551103507950,Release_Date
,,mouseover,,,1551103507950,Release_Date
867383156571.4285,737540249142.857,brush,209.99999999999994,161.99999999999997,1551103507950,Release_Date
856562914285.7141,726720006857.1427,brush,203.99999999999997,155.99999999999997,1551103507967,Release_Date
851152793142.857,721309885714.2856,brush,199.99999999999994,151.99999999999994,1551103507983,Release_Date
845742671999.9999,715899764571.4285,brush,197.99999999999997,149.99999999999997,1551103508000,Release_Date
843037611428.5713,713194703999.9999,brush,195.99999999999994,147.99999999999997,1551103508050,Release_Date
840332550857.1428,710489643428.5714,brush,194.99999999999997,146.99999999999994,1551103508067,Release_Date
834922429714.2856,705079522285.7142,brush,194,146,1551103508083,Release_Date
824102187428.5713,694259279999.9999,brush,191.99999999999997,143.99999999999997,1551103508099,Release_Date
,,mouseout,,,1551103508116,Release_Date
,,mouseover,,,1551103508116,Release_Date
805166763428.5713,675323855999.9999,brush,187.99999999999997,139.99999999999994,1551103508116,Release_Date
,,mouseout,,,1551103508132,Release_Date
,,mouseover,,,1551103508132,Release_Date
791641460571.4285,661798553142.857,brush,180.99999999999994,132.99999999999997,1551103508133,Release_Date
780821218285.7141,650978310857.1427,brush,175.99999999999997,127.99999999999996,1551103508150,Release_Date
767295915428.5713,637453007999.9999,brush,171.99999999999994,123.99999999999993,1551103508167,Release_Date
753770612571.4285,623927705142.857,brush,166.99999999999994,118.99999999999994,1551103508183,Release_Date
,,mouseout,,,1551103508199,Release_Date
,,mouseover,,,1551103508199,Release_Date
734835188571.4285,604992281142.857,brush,161.99999999999997,113.99999999999997,1551103508199,Release_Date
713194703999.9999,583351796571.4285,brush,154.99999999999994,106.99999999999996,1551103508216,Release_Date
691554219428.5713,561711311999.9999,brush,146.99999999999994,98.99999999999996,1551103508233,Release_Date
,,mouseout,,,1551103508249,Release_Date
,,mouseover,,,1551103508249,Release_Date
675323855999.9999,545480948571.42847,brush,138.99999999999994,90.99999999999996,1551103508249,Release_Date
664503613714.2856,534660706285.71423,brush,132.99999999999997,84.99999999999996,1551103508267,Release_Date
656388431999.9999,526545524571.42847,brush,128.99999999999997,80.99999999999999,1551103508285,Release_Date
653683371428.5713,523840463999.9999,brush,125.99999999999996,77.99999999999996,1551103508299,Release_Date
645568189714.2856,515725282285.71423,brush,124.99999999999994,76.99999999999996,1551103508317,Release_Date
632042886857.1428,502199979428.57135,brush,121.99999999999997,73.99999999999999,1551103508334,Release_Date
615812523428.5713,485969615999.99994,brush,116.99999999999999,68.99999999999997,1551103508350,Release_Date
599582159999.9999,469739252571.42847,brush,110.99999999999996,62.99999999999998,1551103508366,Release_Date
586056857142.857,456213949714.28564,brush,104.99999999999996,56.999999999999964,1551103508383,Release_Date
575236614857.1428,445393707428.57135,brush,99.99999999999997,51.99999999999997,1551103508400,Release_Date
564416372571.4285,434573465142.85706,brush,95.99999999999999,47.99999999999997,1551103508416,Release_Date
556301190857.1428,426458283428.5714,brush,91.99999999999996,43.999999999999964,1551103508433,Release_Date
550891069714.2856,421048162285.71423,brush,88.99999999999999,40.99999999999999,1551103508450,Release_Date
542775887999.99994,412932980571.4285,brush,86.99999999999997,38.99999999999998,1551103508467,Release_Date
529250585142.85706,399407677714.28564,brush,83.99999999999997,35.999999999999986,1551103508484,Release_Date
513020221714.28564,383177314285.71423,brush,78.99999999999997,30.999999999999975,1551103508500,Release_Date
,,mouseout,,,1551103508517,Release_Date
,,mouseover,,,1551103508517,Release_Date
491379737142.85706,361536829714.28564,brush,72.99999999999997,24.99999999999998,1551103508517,Release_Date
,,mouseout,,,1551103508533,Release_Date
,,mouseover,,,1551103508533,Release_Date
485969615999.99994,356126708571.4285,brush,64.99999999999996,16.99999999999997,1551103508533,Release_Date
483264555428.57135,353421647999.99994,brush,62.99999999999998,14.999999999999984,1551103508549,Release_Date
504905039999.99994,375062132571.4285,brush,61.999999999999964,13.999999999999979,1551103508733,Release_Date
545480948571.42847,415638041142.85706,brush,69.99999999999997,21.999999999999982,1551103508750,Release_Date
591466978285.7142,461624070857.1428,brush,84.99999999999996,36.999999999999964,1551103508767,Release_Date
642863129142.857,513020221714.28564,brush,101.99999999999999,53.999999999999986,1551103508783,Release_Date
688849158857.1428,559006251428.5714,brush,120.99999999999997,72.99999999999997,1551103508801,Release_Date
729425067428.5713,599582159999.9999,brush,137.99999999999997,89.99999999999999,1551103508817,Release_Date
767295915428.5713,637453007999.9999,brush,152.99999999999994,104.99999999999996,1551103508833,Release_Date
799756642285.7141,669913734857.1427,brush,166.99999999999994,118.99999999999994,1551103508850,Release_Date
826807247999.9999,696964340571.4285,brush,178.99999999999994,130.99999999999994,1551103508867,Release_Date
853857853714.2856,724014946285.7142,brush,188.99999999999997,140.99999999999997,1551103508883,Release_Date
886318580571.4285,756475673142.857,brush,198.99999999999997,150.99999999999997,1551103508900,Release_Date
910664125714.2856,780821218285.7142,brush,210.99999999999997,162.99999999999997,1551103508916,Release_Date
937714731428.5713,807871823999.9999,brush,219.99999999999994,171.99999999999997,1551103508933,Release_Date
964765337142.857,834922429714.2856,brush,229.99999999999997,181.99999999999997,1551103508950,Release_Date
989110882285.7142,859267974857.1428,brush,239.99999999999997,191.99999999999997,1551103508966,Release_Date
1026981730285.7141,897138822857.1427,brush,249,201,1551103509001,Release_Date
1040507033142.857,910664125714.2856,brush,262.99999999999994,214.99999999999994,1551103509017,Release_Date
1056737396571.4285,926894489142.857,brush,267.99999999999994,219.99999999999994,1551103509034,Release_Date
1067557638857.1427,937714731428.5713,brush,273.99999999999994,225.99999999999994,1551103509050,Release_Date
1072967759999.9999,943124852571.4285,brush,277.99999999999994,229.99999999999997,1551103509067,Release_Date
1078377881142.857,948534973714.2856,brush,279.99999999999994,231.99999999999994,1551103509083,Release_Date
1081082941714.2856,951240034285.7142,brush,281.99999999999994,233.99999999999997,1551103509100,Release_Date
1083788002285.7141,953945094857.1427,brush,283,234.99999999999997,1551103509117,Release_Date
1086493062857.1427,956650155428.5713,brush,283.99999999999994,235.99999999999994,1551103509151,Release_Date
1089198123428.5713,959355215999.9999,brush,284.99999999999994,236.99999999999997,1551103509235,Release_Date
1091903183999.9999,962060276571.4285,brush,285.99999999999994,237.99999999999994,1551103509267,Release_Date
1097313305142.857,967470397714.2856,brush,286.99999999999994,238.99999999999994,1551103509351,Release_Date
1102723426285.714,972880518857.1427,brush,288.99999999999994,240.99999999999997,1551103509368,Release_Date
1113543668571.4285,983700761142.857,brush,290.99999999999994,242.99999999999997,1551103509383,Release_Date
1121658850285.714,991815942857.1427,brush,294.99999999999994,246.99999999999997,1551103509401,Release_Date
1135184153142.857,1005341245714.2856,brush,297.99999999999994,249.99999999999991,1551103509416,Release_Date
1146004395428.5713,1016161487999.9999,brush,302.99999999999994,255,1551103509433,Release_Date
1154119577142.857,1024276669714.2856,brush,306.99999999999994,258.99999999999994,1551103509450,Release_Date
1167644880000,1037801972571.4285,brush,309.9999999999999,261.99999999999994,1551103509466,Release_Date
1175760061714.2856,1045917154285.7142,brush,315,267,1551103509483,Release_Date
1183875243428.5713,1054032335999.9999,brush,317.99999999999994,270,1551103509500,Release_Date
1186580304000,1056737396571.4285,brush,320.99999999999994,272.99999999999994,1551103509601,Release_Date
1189285364571.4285,1059442457142.857,brush,322,273.99999999999994,1551103509616,Release_Date
1191990425142.857,1062147517714.2856,brush,322.99999999999994,274.99999999999994,1551103509634,Release_Date
1197400546285.714,1067557638857.1427,brush,323.99999999999994,275.99999999999994,1551103509650,Release_Date
1208220788571.4285,1078377881142.857,brush,325.99999999999994,277.99999999999994,1551103509667,Release_Date
1224451152000,1094608244571.4286,brush,329.99999999999994,281.99999999999994,1551103509683,Release_Date
1251501757714.2856,1121658850285.7144,brush,336,288,1551103509700,Release_Date
1262322000000,1132479092571.4285,brush,346,298.00000000000006,1551103509717,Release_Date
1262322000000,1132479092571.4287,brush,350,301.99999999999994,1551103509733,Release_Date
1262322000000,1132479092571.4287,brush,350,302.00000000000006,1551103509750,Release_Date
1262322000000,1132479092571.4285,brush,350,302.00000000000006,1551103509767,Release_Date
1262322000000,1132479092571.4287,brush,350,301.99999999999994,1551103509783,Release_Date
1262322000000,1132479092571.4285,brush,350,302.00000000000006,1551103510028,Release_Date
1251501757714.2856,1121658850285.7144,brush,350,301.99999999999994,1551103510050,Release_Date
,,mouseout,,,1551103510067,Release_Date
,,mouseover,,,1551103510067,Release_Date
1197400546285.714,1067557638857.1427,brush,346,298.00000000000006,1551103510067,Release_Date
1132479092571.4285,1002636185142.857,brush,325.99999999999994,277.99999999999994,1551103510083,Release_Date
1078377881142.857,948534973714.2856,brush,301.99999999999994,253.99999999999997,1551103510100,Release_Date
1024276669714.2856,894433762285.7142,brush,281.99999999999994,233.99999999999997,1551103510116,Release_Date
,,mouseout,,,1551103510132,Release_Date
,,mouseover,,,1551103510132,Release_Date
999931124571.4285,870088217142.857,brush,261.99999999999994,213.99999999999997,1551103510133,Release_Date
980995700571.4285,851152793142.857,brush,252.99999999999997,204.99999999999997,1551103510150,Release_Date
962060276571.4285,832217369142.857,brush,245.99999999999997,197.99999999999997,1551103510166,Release_Date
932304610285.7141,802461702857.1427,brush,238.99999999999994,190.99999999999997,1551103510183,Release_Date
899843883428.5713,770000975999.9999,brush,227.99999999999994,179.99999999999994,1551103510200,Release_Date
864678095999.9999,734835188571.4285,brush,215.99999999999994,167.99999999999994,1551103510217,Release_Date
832217369142.857,702374461714.2856,brush,202.99999999999994,154.99999999999994,1551103510233,Release_Date
,,mouseout,,,1551103510250,Release_Date
,,mouseover,,,1551103510250,Release_Date
794346521142.857,664503613714.2856,brush,190.99999999999997,142.99999999999997,1551103510250,Release_Date
,,mouseout,,,1551103510266,Release_Date
,,mouseover,,,1551103510266,Release_Date
759180733714.2856,629337826285.7142,brush,176.99999999999997,128.99999999999997,1551103510267,Release_Date
726720006857.1428,596877099428.5714,brush,163.99999999999997,115.99999999999997,1551103510284,Release_Date
,,mouseout,,,1551103510300,Release_Date
,,mouseover,,,1551103510300,Release_Date
680733977142.857,550891069714.2856,brush,152,103.99999999999999,1551103510300,Release_Date
,,mouseout,,,1551103510316,Release_Date
,,mouseover,,,1551103510316,Release_Date
661798553142.857,531955645714.28564,brush,134.99999999999997,86.99999999999997,1551103510316,Release_Date
,,mouseout,,,1551103510333,Release_Date
,,mouseover,,,1551103510333,Release_Date
607697341714.2856,477854434285.71423,brush,127.99999999999996,79.99999999999997,1551103510333,Release_Date
567121433142.857,437278525714.28564,brush,107.99999999999997,59.99999999999998,1551103510349,Release_Date
529250585142.85706,399407677714.28564,brush,92.99999999999997,44.99999999999998,1551103510367,Release_Date
,,mouseout,,,1551103510383,Release_Date
,,mouseover,,,1551103510383,Release_Date
502199979428.57135,372357071999.99994,brush,78.99999999999997,30.999999999999975,1551103510383,Release_Date
,,mouseout,,,1551103510400,Release_Date
,,mouseover,,,1551103510400,Release_Date
488674676571.42847,358831769142.85706,brush,68.99999999999997,20.99999999999998,1551103510400,Release_Date
518430342857.14276,388587435428.57135,brush,63.999999999999964,15.999999999999968,1551103510501,Release_Date
599582159999.9999,469739252571.42847,brush,74.99999999999997,26.999999999999968,1551103510516,Release_Date
,,mouseout,,,1551103510533,Release_Date
,,mouseover,,,1551103510533,Release_Date
726720006857.1428,596877099428.5714,brush,104.99999999999996,56.999999999999964,1551103510534,Release_Date
,,mouseout,,,1551103510549,Release_Date
,,mouseover,,,1551103510549,Release_Date
788936399999.9999,659093492571.4285,brush,152,103.99999999999999,1551103510550,Release_Date
,,mouseout,,,1551103510566,Release_Date
,,mouseover,,,1551103510566,Release_Date
964765337142.857,834922429714.2856,brush,174.99999999999997,126.99999999999997,1551103510567,Release_Date
,,mouseout,,,1551103510583,Release_Date
,,mouseover,,,1551103510583,Release_Date
1072967759999.9999,943124852571.4285,brush,239.99999999999997,191.99999999999997,1551103510583,Release_Date
1175760061714.2856,1045917154285.7142,brush,279.99999999999994,231.99999999999994,1551103510600,Release_Date
,,mouseout,,,1551103510617,Release_Date
,,mouseover,,,1551103510617,Release_Date
1248796697142.857,1118953789714.2856,brush,317.99999999999994,270,1551103510618,Release_Date
1262322000000,1132479092571.4287,brush,344.99999999999994,297,1551103510633,Release_Date
1262322000000,1132479092571.4287,brush,350,302.00000000000006,1551103510650,Release_Date
1262322000000,1132479092571.4287,brush,350,302.00000000000006,1551103510667,Release_Date
1262322000000,1132479092571.4287,brush,350,302.00000000000006,1551103510683,Release_Date
,,mouseout,,,1551103510700,Release_Date
,,mouseover,,,1551103510700,Release_Date
1262322000000,1132479092571.4287,brush,350,302.00000000000006,1551103510700,Release_Date
1262322000000,1132479092571.4287,brush,350,302.00000000000006,1551103511172,Release_Date
,,mouseout,,,1551103511216,Release_Date
,,mouseover,,,1551103511216,Release_Date
,,mouseout,,,1551103511233,Release_Date
,,mouseover,,,1551103511266,IMDB_Rating
,,mouseout,,,1551103520966,IMDB_Rating
,,mouseover,,,1551103521367,Release_Date
,,mouseout,,,1551103521383,Release_Date
,,mouseover,,,1551103521383,Release_Date
,,mouseout,,,1551103521400,Release_Date
,,mouseover,,,1551103521400,Release_Date
,,mouseout,,,1551103521716,Release_Date
,,mouseover,,,1551103521716,Release_Date
,,mouseout,,,1551103521732,Release_Date
,,mouseover,,,1551103521732,Release_Date
,,mouseout,,,1551103521849,Release_Date
,,mouseover,,,1551103521849,Release_Date
,,mouseout,,,1551103521882,Release_Date
,,mouseover,,,1551103521882,Release_Date
,,mouseout,,,1551103522298,Release_Date
,,mouseover,,,1551103522298,Release_Date
,,mouseout,,,1551103522332,Release_Date
,,mouseover,,,1551103522332,Release_Date
,,brush,350,302.00000000000006,1551103522732,Release_Date
,,mouseout,,,1551103522812,Release_Date
,,mouseover,,,1551103522812,Release_Date
,,mouseout,,,1551103522866,Release_Date
,,mouseover,,,1551103522866,Release_Date
,,mouseout,,,1551103522948,Release_Date
,,mouseover,,,1551103522948,Release_Date
,,mouseout,,,1551103522966,Release_Date
,,mouseover,,,1551103522966,Production_Budget
,,mouseout,,,1551103523135,Production_Budget
,,mouseover,,,1551103523135,Production_Budget
,,mouseout,,,1551103523149,Production_Budget
,,taskend,,,1551103523868,
,,mouseover,,,1551103524299,US_DVD_Sales
,,mouseout,,,1551103524483,US_DVD_Sales
,,mouseover,,,1551103524483,Production_Budget
,,mouseout,,,1551103524483,Production_Budget
,,mouseover,,,1551103524483,Production_Budget
